RoadwayName,Latitude,Longitude
UNION PLACE,40.6277638,-74.0772802
VAN DUZER STREET,40.6255943,-74.0844979
NORTHERN BOULEVARD,40.7530794,-73.9062074
BRISTOL AVENUE,40.6117798,-74.1095152
HASTINGS STREET,40.5801303,-73.9448931
GARSON AVENUE,40.6025486,-74.0684554
TIBER PLACE,40.6049922,-74.1073053
DENOBLE LANE,40.6040923,-74.1115235
CLINTON ST,40.683576,-73.9975551
BALTIC ST,40.6884386,-74.0011557
NECKAR AVE,40.6087534,-74.0838422
WESER AVE,40.6085947,-74.0828697
NARROWS RD SO,40.606118,-74.0827437
STEUBEN ST,40.6036351,-74.0770148
OLGA PL,40.603789,-74.076663
SCHMIDTS LA,40.6095729,-74.1145054
WESTWOOD AVE,40.606217,-74.123862
LINCOLN ST,40.6836451,-73.8074612
CROAK AVE,40.60323,-74.11787
NAPLES ST,40.6030834,-74.0911728
VENICE ST,42.933199,-76.579518
TILLMAN ST,40.6082186,-74.1126031
BEACH STREET,40.7203849,-74.0060136
WRIGHT STREET,40.627352,-74.078702
CYPRESS AVENUE,40.8051423,-73.9135096
MARX STREET,40.6131121,-74.1098148
SCHOLES ST,40.7115715,-73.927158
STAGG ST,40.7090059,-73.9486352
TOMPKINS AVENUE,40.6044487,-74.0653278
DELMONICO PLACE,40.698234,-73.9450667
BUTLER ST,40.6804766,-73.9826681
DOUGLAS ST,40.7038522,-73.7908959
DRIGGS AVENUE,40.7200011,-73.9532534
NASSAU AVENUE,40.724635,-73.951277
HALSEY ST,40.6863449,-73.9165406
MACON AVE,40.5574138,-74.1714344
GRAND STREET,40.7132751,-73.9776678
POWERS STREET,40.7128761,-73.9401312
NORTH 1 STREET,44.2909374,-73.9848672
MACON ST,40.6813636,-73.9471585
MARION ST,40.6815675,-73.9127825
SUMPTER ST,40.6808702,-73.9123361
HALSEY STREET,40.6863449,-73.9165406
MACON STREET,40.6813636,-73.9471585
GERRY STREET,40.6998236,-73.9497937
BARTLETT STREET,40.7001599,-73.9479156
AINSLIE STREET,40.7126022,-73.9492335
DEVOE STREET,40.7140275,-73.9418749
HANCOCK ST,40.682004,-73.954623
IRVING AVENUE,40.6942856,-73.9060907
WYCKOFF AVENUE,40.6965433,-73.905752
FRANKLIN STREET,40.7191802,-74.0069278
MANHATTAN AVENUE,40.7214035,-73.9490041
ST JOHN'S PL,40.729934,-73.9900686
LINCOLN PL,40.6715245,-73.9575681
BERGEN ST,40.6808135,-73.9750886
ST MARCUS AVE,40.7508915,-73.6729511
CLASSON AVE,40.688873,-73.96007
FRANKLIN AVE,40.6706813,-73.9579734
TOMPKINS AVE,40.6044487,-74.0653278
THROOP AVE,40.7004288,-73.9443862
DOUGLASS,40.8076939,-73.9529798
DEGRAW ST,40.6786277,-73.9820206
HOYT ST,40.6905128,-73.9849862
BOND ST,40.7265917,-73.9940313
7 AVE,40.7367035,-74.0010309
8 AVE,40.7367366,-73.86481359
GATES AVE,40.6895761,-73.9222019
FULTON ST,40.7101857,-74.0076638
CLAVER PL,40.682421,-73.957534
RECTOR STREET,40.70722,-74.013342
JEWETT AVENUE,40.6234722,-74.1320767
JEFFERSON AV,40.5835955,-74.1033494
DEAN STREET,40.675969,-73.933226
BERGEN STREET,40.6808135,-73.9750886
CLAVER PLACE,40.682421,-73.957534
FRANKLIN AVENUE,40.6706813,-73.9579734
PACIFIC ST,40.6802115,-73.9641075
DEAN ST,40.675969,-73.933226
GREENLEAF AVENUE,40.627991,-74.1269026
DRIPROCK STREET,40.6316333,-74.1280439
MULBERRY AVENUE,40.7488859,-73.8170488
PARK DRIVE NORTH,40.599849,-74.167621
WESTWOOD AVENUE,40.606217,-74.123862
DAWSON STREET,40.816724,-73.900922
SUFFOLK AVENUE,40.6042362,-74.1280044
LIVINGSTON AVENUE,40.8951185,-73.9017755
HOLDEN BOULEVARD,40.6043093,-74.125676
QUEEN STREET,40.6029,-74.126355
Clove Rd,40.6139911,-74.1012626
Raymond Place,40.629647,-74.125462
Eunice Place,40.624128,-74.152791
Simonson Ave,40.6298624,-74.1525051
Manor Rd,40.6092982,-74.1212609
AKRON STREET,40.6111835,-74.1572979
JARDINE AVENUE,40.6109974,-74.1619218
Houseman Ave,40.6372634,-74.1485175
Wright Ave,40.8806472,-73.8331952
Rector St,40.70722,-74.013342
GRAHAM AVENUE,40.7145231,-73.9443875
DINSMORE STREET,40.6042894,-74.1701652
SOUTH GANNON AVENUE,40.6077528,-74.1321402
AVENUE L,40.6397462,-73.8936347
AVENUE M,40.6178971,-73.959474
WILLIAMS AVENUE,40.6530013,-73.894129
ALABAMA AVENUE,40.6768986,-73.8992908
ANNA COURT,40.655762,-73.894708
EAST 66 STREET,40.7650911,-73.9615641
EAST 67 STREET,40.7673602,-73.9648123
11 AVENUE,40.7127281,-74.0060152
12 AVENUE,40.8178841,-73.9604648
HINSDALE STREET,40.671205,-73.900507
HEGEMAN AVENUE,40.664857,-73.880222
AUTUMN AVENUE,40.6725449,-73.8673882
LINCOLN AVENUE,40.5809377,-74.1115953
GEORGIA AVENUE,40.6521022,-73.887989
19 AVENUE,40.71063105,-73.79225997
20 AVENUE,40.61741,-73.985026
SHEFFIELD AVENUE,40.6770031,-73.8981744
NADINE STREET,40.5761922,-74.1281262
BISHOP STREET,40.573409,-74.126811
Baltic Ave,40.605384,-74.089524
Roosevelt St,40.6058902,-74.0913604
CARLYLE GREEN,40.55531245,-74.1984995
KRISSA COURT,40.5565008,-74.1999833
RAMONA AVENUE,40.534803,-74.215755
SONIA COURT,40.5346222,-74.2196489
114 AVENUE,42.4353462,-76.4998644
114 ROAD,43.1273415,-77.5566183
IONIA AVENUE,40.5478522,-74.1781804
BARLOW AVENUE,40.5569784,-74.1691292
MONTEREY AVENUE,40.5556653,-74.1735223
RATHBUN AVENUE,40.5398752,-74.1956354
LAMONT AVENUE,40.5407209,-74.187176
HEENAN AVENUE,40.5420006,-74.1879244
BELFIELD AVENUE,40.5469892,-74.1916855
EVERTON AVENUE,40.547297,-74.194016
ROSE LANE,40.533145,-74.186983
COLON STREET,40.523645,-74.181508
PRESTON AVENUE,40.5368399,-74.161697
BAMBERGER LANE,40.5412635,-74.1669787
Beach Ave,40.8389129,-73.86735
3rd St,40.5747037,-74.1186046
E 37 St,40.7473771,-73.9760197
E 38 St,40.7483053,-73.97643
Dole St,40.5271772,-74.1726884
Poillon Ave,40.5368532,-74.1795958
LADD AVENUE,40.561335,-74.175094
BERRY AVENUE,40.5606398,-74.1747787
SINCLAIR AVENUE,40.5432988,-74.1915175
SHELDON AVENUE,40.5480112,-74.1836371
WINANT PLACE,40.5367746,-74.2396475
MANLEY STREET,40.5349848,-74.2373184
Senator St,40.6375525,-74.0255652
68th St,40.635318,-74.023235
71 STREET,40.7429616,-73.9922855
72 STREET,40.7790162,-73.9818557
NORFOLK STREET,40.5784139,-73.9388723
OXFORD STREET,40.5785168,-73.9379493
Falmouth St,40.5775693,-73.9462882
Girard St,40.579992,-73.9458052
25 Ave,40.7264628,-73.7168453
E 16 St,40.7294689,-73.9740105
Bay Court,40.5842657,-73.9517505
Sheepshead Bay Rd,40.5870625,-73.9528309
68 St,40.7678782,-73.9641187
Bay Ridge Ave,40.6347733,-74.0234269
19 Ave,40.71063105,-73.79225997
20 Ave,40.61741,-73.985026
AVENUE S,40.610228,-73.9306
AVENUE T,40.615647,-73.917887
E 14 St,40.7280858,-73.9748119
E 15 St,40.7326744,-73.9835879
ALBEMARLE ROAD,40.6478739,-73.9556227
CHURCH AVENUE,40.6507967,-73.9495439
30 STREET,40.7438832,-73.9815498
31 STREET,40.7291862,-73.9955475
52 STREET,40.764809,-73.9881641
53 STREET,40.7579857,-73.9700699
FARRAGUT ROAD,40.637394,-73.92986
GLENWOOD ROAD,40.6321123,-73.964598
CLARKSON AVENUE,40.6565477,-73.931909
LENOX ROAD,40.6553529,-73.9306307
Lenox Rd,40.6553529,-73.9306307
Troy Ave,40.6775604,-73.9358607
E 45 St,40.739963,-73.98730002
Kingston Ave,40.6694074,-73.9421829
Albany Ave,40.6780172,-73.9385941
LAWRENCE AVENUE,40.6291546,-73.9767152
PARKVILLE AVENUE,40.633084,-73.9671693
34 AVENUE,40.7554667,-74.0013993
35 AVENUE,40.7127281,-74.0060152
51 STREET,40.7419489,-73.9861417
BARNETT AVENUE,40.749979,-73.911625
39 AVENUE,40.7526866,-73.9329357
56 STREET,40.7561904,-73.9818638
57 STREET,40.764332,-73.9764332
45 ROAD,40.650529,-73.7909377
46 AVENUE,40.5474654,-74.21057808
46 ROAD,40.6585005,-73.7741302
47 AVENUE,40.5474584,-74.21060924
84 AVENUE,42.1491666,-75.88094402
84 ROAD,40.65659075,-73.79581945
COURT SQUARE,40.7464555,-73.9454525
44 DRIVE,40.84102115,-73.8614553
192 STREET,40.7579453,-73.7897598
193 STREET,40.6222255,-73.95034802
43 STREET,40.7127281,-74.0060152
41 DRIVE,40.84115565,-73.86157793
43 AVENUE,40.5474864,-74.2104843
47 ROAD,40.6508952,-73.7907834
67 AVENUE,40.7267968,-73.8532472
69 AVENUE,40.7463474,-73.896305
195 STREET,42.6570346,-73.76240339
196 STREET,40.72281465,-73.83761841
37 AVENUE,40.7645956,-73.9163245
38 AVENUE,40.5472657,-74.2104652
HORACE HARDING EXPRESSWAY,40.7641061,-73.7208873
65 AVENUE,41.710067,-73.9299855
201 STREET,42.4373576,-76.4945086
202 STREET,44.002353,-75.9815022
CASTLE HILL AVENUE,40.83421755,-73.85164518
HAVEMEYER AVENUE,40.823665,-73.8459587
182ND ST,40.7402898,-73.7924617
181ST ST,40.8517607,-73.9379597
CHATTERTON AVENUE,40.8290673,-73.8448281
BLACKROCK AVENUE,40.8286259,-73.8535314
DEVOE AVENUE,40.840755,-73.876908
WHITE PLAINS ROAD,40.8941458,-73.8569108
HUGH J GRANT CIRCLE,40.8331772,-73.8603295
COMMONWEALTH AVENUE,40.828473,-73.8674808
ST LAWRENCE AVENUE,40.8316162,-73.8672666
HENLEY ROAD,40.7178508,-73.7775912
87 ROAD,40.6388816,-73.7846106
MILES AVENUE,40.554938,-74.1491649
LAWTON AVENUE,40.8196178,-73.8096256
DEWEY AVENUE,40.5557534,-74.1469589
CROSS BRONX EXPRESSWAY,40.8452848,-73.9279511
GIEGERICH PLACE,40.813117,-73.8058711
GLENNON PLACE,40.8156251,-73.8020849
BALCOM AVENUE,40.828246,-73.832138
HERMANY AVENUE,40.824735,-73.849361
STORY AVENUE,40.8230598,-73.8673773
TIOGA DRIVE,40.6948928,-73.7647267
SUFFOLK DRIVE,40.6939791,-73.7635993
115 ROAD,43.2408621,-77.6292996
115 DRIVE,42.7244561,-73.9088825
EPSOM COURSE,40.723773,-73.766659
204 STREET,40.7941716,-73.9710329
195 PLACE,43.1133775,-73.73874986
200 STREET,40.71364135,-74.01482043
GRAVETT ROAD,40.7352894,-73.8236358
MELBOURNE AVENUE,40.7337753,-73.814858
BELKNAP STREET,40.677415,-73.758787
180 STREET,40.8418946,-73.8735195
BARNETT AVE,40.749979,-73.911625
GRAND CONCOURSE,40.8510934,-73.9046308
MONROE AVENUE,40.844689,-73.906665
UNDERHILL AVENUE,40.7471869,-73.7945456
116 AVENUE,40.6981596,-73.7427622
199 STREET,40.61617595,-73.96300022
217 STREET,40.9081586,-73.8523384
218 STREET,40.741354,-73.7568596
191 STREET,40.7251939,-74.0030151
GREENE AVENUE,40.70544,-73.912137
BLEECKER STREET,40.7298973,-74.0022288
SAGE STREET,40.6076756,-73.7454299
BALSAM COURT,40.6064547,-73.7450209
BEACH 7TH ST,40.5986913,-73.7422868
BEACH 9TH ST,40.6070404,-73.746346
VALENTINE AVENUE,40.8493511,-73.9008939
MURDOCK AVENUE,40.8934791,-73.8410378
HILL AVENUE,40.8935705,-73.84011
CROTONA PARK EAST,40.8366261,-73.8925344
WEST FORDHAM ROAD,40.8627548,-73.9047707
LANDING ROAD,40.862206,-73.9106182
HAMPDEN PLACE,40.8614938,-73.9108971
CLAY AVENUE,40.8405432,-73.9052344
EAST MT EDEN AVENUE,40.8435761,-73.9130722
EAST FORDHAM ROAD,40.8554124,-73.8767367
PARK AVENUE,40.7514645,-73.9779934
SHERMAN AVENUE,40.8665569,-73.9179204
GRANT AVENUE,40.6768466,-73.8653952
SHERIDAN AVENUE,40.8429273,-73.9109842
HOE AVENUE,40.833738,-73.888802
VYSE AVENUE,40.831798,-73.888936
LONGFELLOW AVENUE,40.8345074,-73.8852554
BOONE AVENUE,40.8285415,-73.8861591
84 DRIVE,43.1935673,-77.6839332
ANTHONY AVENUE,40.846602,-73.903805
RYER AVENUE,40.8556196,-73.8996932
CROMWELL AVENUE,40.840876,-73.919783
GOBLE PLACE,40.843822,-73.916556
163 AVENUE,40.8369451,-73.9401256
164 AVENUE,43.1512108,-77.6921607
146 STREET,43.4554817,-76.5056196
SUTPHIN BOULEVARD,40.70546,-73.810708
139 STREET,40.7162415,-73.9953155
143 STREET,40.7171709,-73.9947953
147 STREET,40.7444948,-73.9941795
82 DRIVE,43.2094944,-77.5713447
111 ROAD,43.1264117,-77.552677
SAYRES AVENUE,40.692661,-73.780869
PARK LANE SOUTH,40.6983202,-73.8489376
116 STREET,40.8044723,-73.9553299
FREEDOM DRIVE,40.700494,-73.8481861
108 STREET,40.7941983,-73.9468558
CLAUDE AVENUE,40.6913619,-73.7875633
MATHIAS AVENUE,40.6908783,-73.7869354
144 STREET,43.454626,-76.5039565
145 STREET,40.6961065,-73.9934728
148 AVENUE,40.823712,-73.9361014
175 STREET,40.676749,-74.0190377
BROOKVILLE BOULEVARD,40.6732591,-73.7338072
109 AVENUE,40.6232018,-74.1485547
FERNDALE AVENUE,40.592631,-74.1593341
BRISBIN STREET,40.6949005,-73.8083031
ALLENDALE STREET,40.6952883,-73.8075469
140 STREET,40.6448601,-74.0243978
141 STREET,40.7171476,-73.9947178
156 STREET,42.6577727,-73.76201309
157 STREET,40.765424,-73.9655259
87 STREET,40.7787298,-73.9516712
88 STREET,40.6798468,-73.8515018
89 STREET,40.777874,-73.9457066
91 STREET,40.7801315,-73.9471772
92 STREET,40.7798048,-73.9444584
53 ROAD,40.6528925,-73.7948032
53 DRIVE,40.7289682,-73.9011495
54 ROAD,44.6743417,-73.4498978
55 AVENUE,40.6862164,-73.9712002
55 DRIVE,43.2293599,-77.5444068
WETHEROLE STREET,40.7279569,-73.8635025
BOOTH STREET,40.7278701,-73.861091
62 STREET,40.626472,-73.996895
53 AVENUE,40.7605598,-73.9759537
67 DRIVE,43.1266343,-77.6013132
68 AVENUE,40.7651325,-73.9580265
60 ROAD,44.674222,-73.4500197
60 DRIVE,40.55579575,-74.14147531
74 STREET,40.7468762,-73.8912482
86 AVENUE,40.7788556,-73.9542942
86 ROAD,40.6395178,-73.7850248
ST FELIX AVENUE,40.6935756,-73.8999538
76 STREET,40.7176312,-73.9621108
78 STREET,40.7700538,-73.9493699
83 STREET,40.7868804,-73.9791535
84 STREET,40.7798468,-73.96051
ST ANNS AVENUE,40.59127905,-74.09666133
ST ANN'S PLACE,40.8033439,-73.9188385
ALSTYNE AVENUE,40.7435996,-73.8627563
94 STREET,40.7820092,-73.9458177
93 STREET,40.7805427,-73.9442562
SENECA AVENUE,40.7028171,-73.9076756
BRONXWOOD AVENUE,40.8709169,-73.8613921
MARAN PLACE,40.8536664,-73.8680535
LYDIG AVENUE,40.854477,-73.866694
SANDS PLACE,40.8509586,-73.8288667
WILKINSON AVENUE,40.851737,-73.831961
97 STREET,40.7336006,-73.9577332
98 STREET,40.5853442,-73.8204847
MC DONALD STREET,43.160862,-77.5489101
RHINELANDER AVENUE,40.8533481,-73.8504837
58 STREET,40.7650598,-73.9768355
58 PLACE,40.9187718,-73.7921969
ARNOW PLACE,40.850241,-73.828839
ALLERTON AVENUE,40.8654299,-73.8673652
RADCLIFF AVENUE,40.8488467,-73.8579599
PELHAM PARKWAY,40.857229,-73.8676281
59 STREET,40.7159458,-73.9983991
59 PLACE,43.1246516,-77.5810939
BILLINGS STREET,40.562067,-74.1807733
90 AVENUE,40.7483933,-73.8767862
62 DRIVE,40.55596965,-74.14098696
63 AVENUE,40.764629,-73.966113
BARNES AVENUE,40.893249,-73.854067
MATTHEWS AVENUE,40.8644696,-73.8626116
HONE AVENUE,40.8562345,-73.8598498
LURTING AVENUE,40.8707258,-73.8566452
HERING AVENUE,40.8675173,-73.85376
TENBROECK AVENUE,40.8571425,-73.852718
HOLLAND AVENUE,40.859594,-73.865585
WALLACE AVENUE,40.8543854,-73.8648158
CRUGER AVENUE,40.8654585,-73.8663423
TROUTMAN STREET,40.706523,-73.9229157
STARR STREET,40.7130153,-73.9151007
52 AVENUE,40.7441763,-73.9124986
THORNHILL AVENUE,40.7615236,-73.7340314
69 PLACE,42.64412595,-73.75706734
69 LANE,40.58515565,-74.16234097
54 STREET,40.7529557,-73.98424111
GATES AVENUE,40.6895761,-73.9222019
PALMETTO STREET,40.7035228,-73.9068237
REMSEN PLACE,40.7253462,-73.9010854
66 STREET,40.7650911,-73.9615641
VANDERVEER STREET,40.7220869,-73.746203
215 STREET,40.58882415,-73.80463095
QUEENS BOULEVARD,40.727634,-73.854941
101 AVENUE,40.7127281,-74.0060152
103 AVENUE,40.5799355,-74.108975
87 AVENUE,43.22998275,-77.54499437
45 DRIVE,40.84097805,-73.86140949
64 AVENUE,41.7134121,-73.9250864
58 AVENUE,41.71029255,-73.93046415
59 AVENUE,40.7627515,-73.9674728
PEMBROKE AVENUE,40.771241,-73.733833
WEST END DRIVE,40.770784,-73.733254
65 STREET,40.6683339,-73.9945913
51 ROAD,40.6534715,-73.7249499
55 STREET,40.7391005,-73.9946765
73 PLACE,43.1251051,-77.5811748
SELFRIDGE STREET,40.7175453,-73.8572112
MADISON STREET,40.7124722,-73.9924089
PUTNAM AVENUE,40.6835995,-73.9538544
75 STREET,40.7848291,-73.9542105
90 STREET,40.5880338,-73.8136929
LONG ISLAND RAILROAD,40.6890938,-73.84453471
97 AVENUE,40.7858947,-73.9486003
100 STREET,40.75160785,-73.98688412
101 STREET,40.7189467,-73.9907984
ASKE STREET,40.7479388,-73.8723072
75 AVENUE,40.718331,-73.837324
76 AVENUE,40.73911005,-73.72843328
HAWTREE ST,40.6688956,-73.8350415
113 DRIVE,43.1234548,-77.5987659
107 STREET,40.7179689,-74.0007627
85 STREET,40.7265891,-73.9898025
194 STREET,40.7261717,-73.99680122
EAST MOSHOLU PARKWAY SOUTH,40.8782085,-73.8846837
190 STREET,40.7187866,-73.955001
COLLEGE POINT BOULEVARD,40.7519269,-73.832353
133 STREET,40.77589695,-73.95851002
203 STREET,40.6640462,-73.80760815
BAINBRIDGE AVENUE,40.8723153,-73.8818632
VAN CORTLANDT AVENUE EAST,40.8773555,-73.885316
WICKHAM AVENUE,40.8943092,-73.8489769
BRUNER AVENUE,40.858839,-73.833426
GIVAN AVENUE,40.8812551,-73.8248256
TILLOTSON AVENUE,40.8841611,-73.8219602
25 AVENUE,40.7264628,-73.7168453
AUSTIN PLACE,40.810264,-73.903984
TIMPSON PLACE,40.8104974,-73.9050784
LONGWOOD AVENUE,40.8162916,-73.8962205
EAST 149 STREET,40.8120839,-73.9041639
TIFFANY STREET,40.8176473,-73.8929363
BARRETTO STREET,40.8100874,-73.8881944
ASTORIA BOULEVARD,40.7704417,-73.9176868
HOLLERS AVENUE,40.8836763,-73.829635
BOSTON ROAD,40.8744555,-73.8521352
CANAL PLACE,40.8165065,-73.9252185
RIDER AVENUE,40.8133438,-73.9267219
A J GRIFFIN PLACE,40.8184391,-73.9263193
CAULDWELL AVENUE,40.8207526,-73.9079267
TRINITY AVENUE,40.8244125,-73.9052978
EAGLE AVENUE,40.822181,-73.908418
THROOP AVENUE,40.8722356,-73.8507951
BOUCK AVENUE,40.8723012,-73.8499846
AVENUE ST JOHN,40.8122748,-73.9011392
JENNINGS STREET,40.8322889,-73.8903541
EAST 170 STREET,43.0541275,-74.8529953
RIVERDALE AVENUE,40.9122215,-73.9026588
HENRY HUDSON PARKWAY,40.8788406,-73.9205633
W 10th ST,40.7342448,-74.0030259
W 11th ST,40.7353375,-73.9981465
HOME STREET,40.828394,-73.8938433
ST OUEN STREET,40.903789,-73.846071
PENFIELD STREET,40.904556,-73.8478256
TINTON AVENUE,40.824666,-73.902331
UNION AVENUE,40.6273971,-74.1578853
CARPENTER AVENUE,40.8942151,-73.8603174
MATILDA AVENUE,40.900851,-73.854878
BULLARD AVENUE,40.903762,-73.8554837
BRONX BOULEVARD,40.8936722,-73.8618556
MONTICELLO AVENUE,40.9023338,-73.8426774
EAST 150 STREET,40.7572301,-73.97074271
AVERY AVENUE,40.7523711,-73.8322555
FOWLER AVENUE,40.7517996,-73.8331024
PEARSALL AVENUE,40.863994,-73.851992
ADEE AVENUE,40.869497,-73.85565
BURKE AVENUE,40.8714348,-73.8671748
BEEKMAN AVENUE,40.808723,-73.913884
BARTOW AVENUE,40.8695629,-73.8261156
BRONX RIVER PARKWAY,40.886288,-73.8666231
STATION ROAD,40.7615719,-73.8028358
42 AVENUE,40.7492628,-73.9706717
CORPORAL KENNEDY STREET,40.7592204,-73.7738051
210 STREET,40.6920145,-73.9910408
219 STREET,40.7803531,-73.9513584
EAST 101 STREET,43.1272336,-77.6172033
EAST 102 STREET,40.78866,-73.9457907
ALLISON AVENUE,40.5675611,-74.1157632
PRINCETON AVENUE,40.568995,-74.119933
SENECA LOOP,40.6052288,-74.1464988
COLLFIELD AVENUE,40.6166363,-74.1432599
WOODROW RD,40.5416687,-74.2091594
STAFFORD AVE,40.5391848,-74.2090074
EDINBORO ROAD,40.575951,-74.146732
FOREST HILL ROAD,40.5889176,-74.1457983
DALTON  AVENUE,40.572411,-74.1270361
EBONY STREET,40.574153,-74.125688
BUTTERWORTH AVENUE,40.604665,-74.105784
COVERLY AVENUE,40.6042755,-74.1027965
CAYUGA AVENUE,40.6112619,-74.1006288
RENWICK AVENUE,40.61205,-74.10611
HOWARD AVENUE,40.6867268,-73.920755
LITTLE CLOVE ROAD,40.6110563,-74.0994904
FINGERBOARD ROAD,40.602132,-74.070593
RODERICK AVENUE,40.6018824,-74.0736616
19th AVE,40.6059401,-74.0004644
20th AVE,40.61741,-73.985026
7 AVENUE,40.7367035,-74.0010309
14 AVENUE,40.57062935,-74.14571
68 STREET,40.7678782,-73.9641187
SENATOR STREET,40.6375525,-74.0255652
BAY 22nd ST,40.600967,-74.0044113
BAY 23rd ST,40.6005409,-74.0036921
BAY 20th ST,40.603079,-74.004635
BAY 46th ST,40.5878163,-73.9896837
27th AVE,40.7799057,-73.7700981
W 12th ST,40.573377,-73.979688
11TH AVE,40.7444306,-74.0084954
12TH AVE,40.7696298,-73.9949119
67 STREET,40.7285606,-73.959184
10 AVENUE,40.5464989,-74.21231865
73 STREET,40.7226623,-73.997533
18 AVENUE,40.620671,-73.990414
72nd ST,40.7790162,-73.9818557
73rd ST,40.726254,-73.888845
29 STREET,40.7439234,-73.9835616
28 STREET,40.747217,-73.9933621
24 STREET,40.7402176,-73.9843832
36 STREET,40.655144,-74.003549
13 AVENUE,40.54682875,-74.2106047
New Utrecht Avenue,40.624842,-73.996353
CHESTER AVENUE,40.519516,-74.1876107
KANE STREET,40.6872109,-73.9997482
SACKETT STREET,40.6814334,-73.9912964
UNION STREET,40.677316,-73.98311
SMITH STREET,40.6722722,-73.9991883
HOYT STREET,40.6905128,-73.9849862
E 16th ST,40.5873782,-73.9532845
E 17th ST,40.5876317,-73.9523528
BALTIC STREET,40.6880149,-73.9998528
BUTLER STREET,40.766602,-73.8661287
PACIFIC STREET,40.6895624,-73.9946067
3 AVENUE,40.54678755,-74.21027354
4 AVENUE,40.60709435,-74.1490699
BEAVER STREET,40.7052229,-74.0096597
MORRIS STREET,40.706181,-74.0141288
RECTOR PL,40.7091283,-74.0171338
BROADWAY,40.8020029,-73.9679456
LIBERTY PLACE,40.7092514,-74.0091632
DUTCH STREET,40.7096096,-74.0073061
NASSAU STREET,40.7075149,-74.0103865
DUANE STREET,40.7169879,-74.0092276
READE STREET,40.716355,-74.0095516
THOMAS STREET,40.568922,-74.138905
CENTRE STREET,40.7168709,-74.0008547
CATHERINE STREET,40.7138926,-73.9974136
ST JAMES PLACE,40.7111112,-74.0003778
MONROE STREET,40.7116892,-73.9933337
CATHERINE SLIP,40.709679,-73.9960512
CHERRY STREET,40.7123927,-73.9781019
SOUTH STREET,40.701572,-74.0122032
JONES WALK,40.5750816,-73.9788423
SHEEPSHEAD BAY RD,40.5870625,-73.9528309
AVE S,40.601794,-73.972565
AVE T,40.6229149,-73.906557
E 15th ST,40.5900893,-73.9547512
FOSTER AVENUE,40.6311231,-73.9692209
NEWKIRK AVENUE,40.6399641,-73.9483922
CONEY ISLAND AVE,40.6299377,-73.9661411
E 12th ST,40.591064,-73.958862
EAST 12 STREET,40.7300802,-73.9836809
EAST 13 STREET,40.7264159,-73.9730207
ELM AVE,40.6178971,-73.959474
AVE R,40.6058143,-73.9576506
QUENTIN RD,40.6058387,-73.9801521
AVE P,40.608944,-73.973022
EUCLID AVENUE,40.6754182,-73.871912
CATON AVE,40.6476725,-73.9739445
CHURCH AVE,40.6507967,-73.9495439
85th ST,40.6548821,-73.8465129
86th ST,40.7794939,-73.9555295
E 13th ST,40.5848552,-73.9556474
EAST 14 STREET,40.7280858,-73.9748119
EAST 11 STREET,40.7250415,-73.9736763
E 14th ST,40.7359554,-73.9935091
E 18th ST,40.7378413,-73.9902254
ST PAUL'S PL,40.8362206,-73.902561
CROOKE AVE,40.6531209,-73.9617033
CLARKSON AVE,40.655829,-73.943354
BEDFORD AVENUE,40.7174046,-73.9570004
EAST 24 STREET,40.7402176,-73.9843832
LENOX RD,40.656552,-73.922828
LINDEN BLVD,40.6572149,-73.8994765
EAST 28 STREET,40.7439638,-73.9856015
EAST 29 STREET,40.7446732,-73.9853439
E 37th ST,40.6228165,-73.9393565
BROOKLYN AVE,40.6610924,-73.945482
43rd ST,40.6545299,-74.0153566
48th ST,40.63746,-73.9946401
DOUGLASS STREET,40.6843767,-73.9947642
ST JOHN'S PLACE,40.729934,-73.9900686
STERLING PLACE,40.6739822,-73.9603124
ROCKWELL PLACE,40.6882493,-73.9792893
LAFAYETTE AVENUE,40.6863074,-73.9744304
2 STREET,40.5472181,-74.21231751
3 STREET,40.57364435,-74.00012135
CARROLL STREET,40.680303,-73.995048
GARFIELD PLACE,40.6725042,-73.9774407
LINCOLN PLACE,40.6045206,-74.0668813
PUTNAM AVE,40.6835995,-73.9538544
PROSPECT PL,40.6741259,-73.9466765
ST MARK'S AVE,40.6789248,-73.96901787
JEFFERSON AVE,40.5835955,-74.1033494
METROPOLITAN AVE,40.7130242,-73.9514225
NORTH 1st ST,40.7172921,-73.9658264
UNION AVE,40.6273971,-74.1578853
LORIMER ST,40.7038293,-73.9473618
LEONARD  ST,40.7183249,-74.0071866
CHARLTON STREET,40.726941,-74.003278
VANDAM STREET,40.7262656,-74.0038926
GANSEVOORT STREET,40.7394162,-74.0043108
HORATIO STREET,40.7387639,-74.005613
WALKER STREET,40.6310789,-74.1465042
WHITE STREET,40.7179916,-74.002951
CORTLANDT ALLEY,40.7182725,-74.0018618
SPRING STREET,40.7223025,-73.9971855
PRINCE STREET,40.724329,-73.997702
WEST 4 STREET,40.7424139,-74.0025156
CROSBY STREET,40.7254325,-73.9956528
WEST 12 STREET,40.7376112,-74.0015555
WEST 13 STREET,40.7391716,-74.0032986
WEST 11 STREET,40.7353375,-73.9981465
LAFAYETTE ST,40.7209991,-73.9982499
EAST HOUSTON STREET,40.721278,-73.9829678
2 AVENUE,40.7330958,-73.9843953
DELANCEY STREET,40.7185906,-73.9880462
EAST 9 STREET,40.7300817,-73.9893442
EAST 10 STREET,40.7243995,-73.974411
EAST 26 STREET,40.7397346,-73.9793852
RIVINGTON STREET,40.7202889,-73.9890535
EAST 27 STREET,40.741291,-73.9811749
STANTON STREET,40.7214217,-73.9883806
WEST 27 STREET,40.7466697,-73.9939337
WEST 28 STREET,40.7447286,-73.9874189
WEST 25 STREET,40.7429982,-73.9890598
WEST 26 STREET,40.7437551,-73.9889136
WEST 43 STREET,40.7591642,-73.9922848
WEST 44 STREET,40.7597874,-73.991824
WEST 45 STREET,40.7615025,-73.9939522
WEST 46 STREET,40.763084,-73.9957408
5 AVENUE,40.5467724,-74.21034999
WEST 61 STREET,40.7713667,-73.9859786
WEST 62 STREET,40.7741833,-73.9907183
COLUMBUS CIRCLE,40.7681866,-73.9814223
WEST 73 STREET,40.7793445,-73.9812665
WEST 74 STREET,40.7802483,-73.9814211
CLAY ST,40.73696,-73.9513945
BOX ST,40.7371676,-73.9567203
COMMERCIAL ST,40.7372374,-73.9567764
NORTH 12th ST,40.7232118,-73.9589598
N. HENRY ST,40.7190954,-73.9424841
PROVOST ST,40.733516,-73.9496921
EAST 46 STREET,40.7559876,-73.9789038
EAST 47 STREET,40.7553889,-73.9755445
WEST 59 STREET,40.7704684,-73.9877473
WEST 60 STREET,40.7723041,-73.9901427
EAST 59 STREET,40.7586214,-73.9595971
EAST 60 STREET,40.7648615,-73.972435
EAST 61 STREET,40.7614854,-73.9625278
EAST 73 STREET,40.766698,-73.9511901
EAST 74 STREET,40.7681172,-73.9526585
EAST 75 STREET,40.7736883,-73.9638995
WEST 75 STREET,40.7817655,-73.9830559
WEST 97 STREET,40.7957505,-73.9722731
WEST 98 STREET,40.7960465,-73.971038
WEST 99 ST,40.7971386,-73.9716719
EAST 99 ST,40.7888815,-73.9520285
EAST 100 ST,40.7883932,-73.9489766
EAST 97 ST,40.7852713,-73.9473373
WEST 119 ST,40.8069246,-73.9553148
WEST 119 STREET,40.8069246,-73.9553148
WEST 120 STREET,40.8113373,-73.9639549
8 AVENUE,40.7683107,-73.96440596
EDGECOMBE AVENUE,40.8302773,-73.9402064
WEST 147 ST,40.7376246,-73.6407922
WEST 148 ST,43.0009876,-74.3752848
EAST 48 STREET,40.7545135,-73.9715411
EAST 45 STREET,40.739963,-73.98730002
SCHENECTADY AVENUE,40.674302,-73.933383
EAST 56 STREET,40.7596014,-73.9680635
PEARSON STREET,40.7450754,-73.9441543
EAST 71 STREET,40.7697052,-73.9625959
EAST 72 STREET,40.7724158,-73.9669424
BROOKLYN AVENUE,40.6313796,-73.9416905
EAST 37 STREET,40.7473771,-73.9760197
RALPH AVENUE,40.6788802,-73.9216651
EAST 78 STREET,40.7700538,-73.9493699
EAST 79 STREET,40.7713454,-73.9503085
MIDWOOD ST,40.6601788,-73.9495753
RUTLAND RD,40.6606155,-73.9311937
FULTON STREET,40.7101857,-74.0076638
BAINBRIDGE STREET,40.6805467,-73.9347239
CHAUNCEY STREET,40.6829301,-73.9105344
FOUNTAIN AVENUE,40.6775083,-73.8759154
LOGAN STREET,40.676055,-73.876509
HIGHLAND BOULEVARD,40.6815336,-73.8943809
JACKIE ROBINSON PKWY,40.703758,-73.8553064
78 AVENUE,40.7380351,-73.72907433
COOPER AVENUE,40.7074415,-73.8736538
95th ST,40.6544339,-73.8367169
96th ST,40.7943793,-73.9719996
98th ST,40.7448714,-73.8649346
99th ST,40.7422791,-73.8621494
101st ST,40.7420434,-73.8612469
102nd ST,40.7465548,-73.8625449
COHANCY ST,40.665199,-73.8352573
NASSAU EXPY,40.6664379,-73.7937493
142 STREET,40.6927316,-73.9935774
111 AVE,40.7413853,-74.0032719
80 ROAD,40.8680045,-73.9005976
UNION TURNPIKE,40.7454151,-73.715169
102 AVENUE,40.7240517,-73.9496485
W 232nd ST,40.8835808,-73.9102295
LIBERTY AVENUE,40.6744049,-73.8965126
144 PLACE,40.9058421,-73.8455098
LLOYD ROAD,40.6935197,-73.8079006
INWOOD STREET,40.6799541,-73.7955745
LIVERPOOL STREET,40.6879695,-73.7975061
101 AVE,40.7508354,-73.97760948
LIBERTY AVE,40.6744049,-73.8965126
WALTHAM STREET,40.6949302,-73.8045766
148th ST,40.6616409,-73.7925854
CENTER CARGO RD,40.6575817,-73.7938044
SAGE ST,40.6076756,-73.7454299
VIRGINIA ST,40.605927,-73.742213
198 STREET,40.65422815,-73.78956598
107 AVENUE,41.2915798,-73.9072675
115 AVENUE,42.7655851,-73.7038469
262nd PL,40.6534213,-73.7255117
55th DR,40.72648,-73.91465
56th DR,40.6088285,-73.9138999
NORTHERN BLVD,40.7530794,-73.9062074
SKILLMAN AVE,40.746185,-73.9337049
37th AVE,40.7539451,-73.8605053
CANAL STREET WEST,40.5792069,-74.0035927
WEST 173 ST,43.0014991,-76.1489914
SEDGWICK AVENUE,40.8825571,-73.887063
VERMILYEA AVENUE,40.8654073,-73.9242886
ACADEMY STREET,40.864403,-73.923767
DYCKMAN STREET,40.8652769,-73.9277986
INDEPENDENCE AVE,40.5737017,-74.168038
W 235th ST,40.885658,-73.909982
W 236th ST,40.8874849,-73.9163268
HEWITT PLACE,40.819477,-73.899869
INTERVALE AVENUE,40.8221585,-73.8967991
ROGERS PLACE,40.8237575,-73.8976172
EAST MOSHOLU PARKWAY NORTH,40.8782596,-73.8825652
MOSHOLU PARKWAY,40.8792799,-73.8852693
58th ST,40.6465166,-74.0248232
59th ST,40.641362,-74.017881
EAST GUN HILL ROAD,40.8640107,-73.8339775
NEILL AVENUE,40.8557253,-73.8510467
LAURIE AVENUE,40.8483639,-73.8351624
ST THERESA AVENUE,40.849613,-73.834901
BRONX PARK EAST,40.8489744,-73.8683841
FISH AVENUE,40.8701435,-73.8469382
WILSON AVENUE,40.6885422,-73.9042827
DOUGLASTON PKWY,40.747127,-73.735417
HANFORD ST,40.7646433,-73.7452229
136 STREET,43.1676783,-77.6819307
138 STREET,40.8131324,-73.929968
37 AVE,40.7645956,-73.9163245
39 AVE,40.7526866,-73.9329357
149 STREET,40.7172775,-73.9951484
HARDING AVENUE,40.822183,-73.807225
HUTCHINSON RIVER PARKWAY,40.84964235,-73.83640394
53 AVE,40.7605598,-73.9759537
58 AVE,41.71029255,-73.93046415
121ST ST,40.7005266,-73.8283178
120TH ST,40.6684843,-73.8205189
84 AVE,42.1491666,-75.88094402
189 STREET,40.725171,-74.00295
47 AVE,40.7436831,-73.9417909
CROCHERON AVE,40.7625282,-73.8041366
DEEPDALE AVE,40.763681,-73.738175
RUSHMORE AVE,40.762853,-73.741776
61 AVE,40.7456359,-73.9030518
63 AVE,40.764629,-73.966113
CLEVELAND PLACE,40.72154,-73.9973627
COLUMBIA AVENUE,40.601169,-74.071119
ST NICHOLAS AVE,40.8241432,-73.9446885
EDGECOMBE AVE,40.8302773,-73.9402064
ALDUS STREET,40.823191,-73.889484
ENGLEWOOD AVENUE,40.532418,-74.225144
SHARROTTS ROAD,40.5371711,-74.2238646
EAST 120 ST,40.8015168,-73.940548
THORNTON ST,40.7006123,-73.9443101
WHIPPLE ST,40.70075,-73.9455193
BLOOMFIELD AVENUE,40.6130392,-74.1829511
FAHY AVE,40.616953,-74.1632167
GRANITE STREET,40.6822901,-73.9080428
PILLING STREET,40.6865332,-73.9050353
CATHERINE ST,40.629946,-74.138598
OLIVE ST,40.713266,-73.9388432
CLOVE ROAD,40.6139911,-74.1012626
ONEIDA AVENUE,40.6122174,-74.1002278
BALTIC AVENUE,40.605384,-74.089524
MARISA CIRCLE,40.5383049,-74.2175785
WOODROW ROAD,40.5416162,-74.2097325
7th AVE,40.8095498,-73.9477997
14th AVE,40.789383,-73.806668
CLAREMONT PARKWAY,40.8394904,-73.9045399
CROTONA PARK NORTH,40.8431968,-73.8960496
WEST MOSHOLU PARKWAY NORTH,40.881968,-73.884692
ANNADALE ROAD,40.5559165,-74.1761162
WATKINS AVENUE,40.5598808,-74.1749312
WAKEMAN PLACE,40.6402989,-74.0283691
205 STREET,40.874811,-73.878855
FRANCIS LEWIS BLVD,40.7135593,-73.753829
67 AVE,40.7267968,-73.8532472
69 AVE,40.7463474,-73.896305
33rd RD,40.7712065,-73.7734326
35th AVE,40.7504258,-73.8976523
116 AVE,40.6981596,-73.7427622
ALABAMA AVE,40.6768986,-73.8992908
WILLIAMS AVE,40.6530013,-73.894129
97th AVE,40.716973,-73.7373645
92nd ST,40.655689,-73.840036
93rd ST,40.6187527,-74.0328301
HAIGHT AVENUE,40.849547,-73.853046
88 Street,40.6798468,-73.8515018
Alley,40.7414759,-73.9818987
221 PLACE,40.7292935,-73.7401592
221 STREET,40.7057502,-73.9376528
BEACH 7th ST,40.5986913,-73.7422868
BEACH 9th ST,40.6070404,-73.746346
97th ST,40.676825,-73.8403214
197 STREET,40.61259845,-73.95158232
47th AVE,40.7505577,-73.7917086
47th RD,40.757279,-73.761767
OLD ROCKAWAY BLVD,40.6559341,-73.7728147
RADAR RD,40.6594173,-73.7751247
CARPENTER AVE,40.886608,-73.864505
WOODHULL AVE,40.7111124,-73.7661346
LINCOLN AVE,40.5809377,-74.1115953
SHERIDAN AVE,40.8429273,-73.9109842
HASTINGS ST,40.5801303,-73.9448931
GIRARD ST,40.579992,-73.9458052
LOUISIANA AVE,40.655202,-73.893547
MALTA ST,40.6573667,-73.8940508
NICHOLS AVENUE,40.6827071,-73.8681735
SNEDIKER AVENUE,40.671069,-73.901429
BAY 26th ST,40.6019307,-73.9986692
NELSON AVENUE,40.544326,-74.148162
PLIMPTON AVENUE,40.8424777,-73.9229821
30th PL,40.7414384,-73.9370757
BERGEN RD,40.6593234,-73.8105167
WEST 98 ST,40.7960465,-73.971038
PARK AVENUE SOUTH,40.7415552,-73.9854337
LEONARD ST,40.7183249,-74.0071866
WITHERS ST,40.7167647,-73.9510144
AVENUE I,40.625322,-73.976127
AVENUE J,40.625039,-73.960803
LINDEN BOULEVARD,40.6747473,-73.8368685
CARROLL PLACE,40.6473307,-74.0839214
FAIRFIELD AVE,40.8838949,-73.9139465
BRYANT AVENUE,40.8247172,-73.8886682
CROTONA PARKWAY,40.8444871,-73.8849149
SOUTHERN BOULEVARD,40.8101526,-73.9070982
BRUCKNER BOULEVARD,40.8301747,-73.8375135
BRUCKNER EXPRESSWAY,40.8248968,-73.8680779
MORRIS AVENUE,40.840197,-73.910094
WEEKS AVENUE,40.845168,-73.907531
MARMION AVENUE,40.8418656,-73.8881229
PROSPECT AVENUE,40.665414,-73.992872
LONGSTREET AVENUE,40.821383,-73.8073473
Grand Concourse,40.8510934,-73.9046308
Valentine Avenue,40.8493511,-73.9008939
240 Street,40.7179864,-74.0002146
Bronx River,40.9357546,-73.8347706
East Gun Hill Road,40.8640107,-73.8339775
Canal Place,40.8135925,-73.9272946
Rider Avenue,40.8116343,-73.928278
A J Griffin Place,40.8167844,-73.9270566
Morris Avenue,40.840197,-73.910094
Park Avenue,40.7514645,-73.9779934
Adee Avenue,40.8697,-73.8665611
Givan Avenue,40.8775139,-73.8364539
Tillotson Avenue,40.8821641,-73.8281083
Webster Avenue,40.8301832,-73.9108058
Bronx River Parkway,40.886288,-73.8666231
Southern Boulevard,40.8101526,-73.9070982
Anthony Avenue,40.846602,-73.903805
Monroe Avenue,40.844689,-73.906665
East 138 Street,40.7560506,-73.971832
East 135 Street,40.76144825,-73.96959947
184 Street,40.7207637,-73.9986337
187 Street,40.8528395,-73.9313146
Dyckman Street,40.8652769,-73.9277986
Amsterdam Avenue,40.8010529,-73.9652365
Henry Hudson Bridge,40.8766524,-73.9238797
Netherland Avenue,40.8797432,-73.9144359
Johnson Avenue,40.5131812,-74.2486411
Bartow Avenue,40.8682393,-73.8335456
New England Thruway,40.8770221,-73.8339881
Boller Avenue,40.8843859,-73.8372295
156 Street,42.6577727,-73.76201309
138 Street,40.8131324,-73.929968
135 Street,40.717029,-73.95921
Westchester,40.8400475,-73.8427671
East 150 Street,40.7572301,-73.97074271
West Fordham Road,40.8627548,-73.9047707
East Fordham Road,40.8554124,-73.8767367
59 Place,43.1246516,-77.5810939
59 Street,40.7159458,-73.9983991
Rae Street,40.8173685,-73.9113895
Mosholu Parkway,40.8792799,-73.8852693
9 Avenue,40.81819805,-73.95100898
155 STREET,40.7760363,-73.9827622
35 Ave,40.7651912,-73.8277995
36 Ave,40.7565586,-73.9298155
DALE AVENUE,40.572812,-74.123884
Rector Street,40.70722,-74.013342
Jewett Avenue,40.6234722,-74.1320767
101 Street,40.7189467,-73.9907984
5 Avenue,40.5467724,-74.21034999
East Drive,40.6536458,-73.9667669
Hutchinson River Parkway,40.84964235,-73.83640394
West 98 Street,40.7960465,-73.971038
West 99 Street,40.7971386,-73.9716719
West 147 Street,40.7376246,-73.6407922
120 Street,40.70476125,-74.00595512
116 Street,40.8044723,-73.9553299
100 Street,40.75160785,-73.98688412
97 Street,40.7336006,-73.9577332
174 Street,40.7179646,-73.9976229
Cross Bronx Expressway,40.8452848,-73.9279511
149 Street,40.7172775,-73.9951484
150 Street,40.7572301,-73.97074271
Ogden Avenue,40.8296745,-73.9310689
Edward L Grant Highway,40.8441486,-73.9227396
Carroll Place,40.6473307,-74.0839214
Sheridan Avenue,40.8429273,-73.9109842
Grant Avenue,40.6768466,-73.8653952
East Tremont Avenue,40.8418573,-73.8583296
Devoe Avenue,40.840755,-73.876908
Boston Road,40.8673321,-73.8600312
Bronx Street,40.8398115,-73.8790767
Nelson Avenue,40.544326,-74.148162
Plimpton Avenue,40.8424777,-73.9229821
99 Street,40.70479,-74.0072588
Mt. Eden Parkway,40.8430611,-73.909558
East 99 Street,40.7888815,-73.9520285
East 100 Street,40.7883932,-73.9489766
Balcom Avenue,40.828246,-73.832138
177 Street,42.1402795,-77.05574021
103 Street,40.7961299,-73.9614554
102 Street,40.78866,-73.9457907
163 Street,40.7287309,-74.0000208
West 116 Street,40.8074124,-73.9624361
119 Street,40.7965357,-73.9306667
Orchard Beach Road,40.8682195,-73.8002203
Roosevelt Avenue,40.7582939,-73.8342154
West 175 Street,43.02847,-76.156249
123 Street,40.7546374,-73.988131
122 Street,40.751261,-73.9766228
East Mt Eden Avenue,40.8435761,-73.9130722
Audubon Avenue,40.8473391,-73.9333597
St. Nicholas Avenue,40.8241432,-73.9446885
Wadsworth Avenue,40.84852,-73.935929
Lenox Avenue,40.8191313,-73.9372971
Edgecomb Avenue,40.8301579,-73.9398047
Westchester Avenue,40.8397824,-73.8430728
153 Street,40.6482478,-73.9782
63 Street,40.764629,-73.966113
64 Street,40.7582536,-73.9807387
Dead End,40.8401745,-73.82344175
ALLEY,40.7414759,-73.9818987
Senator Street,40.6375525,-74.0255652
68 Street,40.7678782,-73.9641187
65 Street,40.6682755,-73.9946405
Gowanus Expressway,40.6360258,-74.0179393
67 Street,40.7285606,-73.959184
190 Street,40.7187866,-73.955001
189 Street,40.725171,-74.00295
Van Wyck Expressway,40.6967115,-73.8134564
138 Place,40.6739501,-73.95135813
191 Street,40.7251939,-74.0030151
192 Street,40.7579453,-73.7897598
64 Avenue,40.7658729,-73.9657559
Concord Street,40.6976319,-73.9853972
Whitehall Terrace,40.721588,-73.7600825
Hillside Avenue,40.738896,-73.700983
19 Avenue,40.6987989,-73.97471527
20 Avenue,40.61741,-73.985026
67 Avenue,40.7267968,-73.8532472
221 Street,40.7057502,-73.9376528
221 Place,40.7292935,-73.7401592
St. Anns Avenue,40.59127905,-74.09666133
St. Anns Place,42.6396506,-73.7575162
38 Avenue,40.5472657,-74.2104652
39 Avenue,40.7526866,-73.9329357
Victory Boulevard,40.6377769,-74.0758638
Christopher Lane,40.6114939,-74.1557615
Cypress Avenue,40.8051423,-73.9135096
87 Avenue,40.6836204,-73.9816925
88 Avenue,40.6798468,-73.8515018
27 Avenue,40.6664032,-73.7495292
Eagle Avenue,40.822181,-73.908418
Cauldwell Avenue,40.8154192,-73.9103157
Rogers Place,40.8237575,-73.8976172
Intervale Avenue,40.8221585,-73.8967991
Tinton Avenue,40.8178792,-73.9050078
Union Avenue,40.7187096,-73.9523721
86 Road,40.65845095,-73.79578046
37 Avenue,40.7645956,-73.9163245
Long Island Expressway,40.7643016,-73.7230346
73 Avenue,40.72847335,-73.89326198
66 Street,40.7764651,-73.9606697
193 Street,40.6222255,-73.95034802
Hales Avenue,40.534069,-74.159695
Woods of Arden Road,40.533881,-74.162304
146 Street,43.4554817,-76.5056196
Sutphin Boulevard,40.70546,-73.810708
144 Street,40.7889336,-73.8161424
145 Street,40.6961065,-73.9934728
194 Street,40.7261717,-73.99680122
East 170 Street,43.0541275,-74.8529953
Farmers Boulevard,40.7034096,-73.7666687
Belknap Street,40.677415,-73.758787
Dalny Road,40.7141788,-73.7874974
Wexford Terrace,40.7140064,-73.7828953
Ocean Terrace,40.6099752,-74.1017632
Renwick Avenue,40.611172,-74.1055894
Cayuga Avenue,40.6130672,-74.101755
Seneca Avenue,40.7028171,-73.9076756
Clove Road,40.6139911,-74.1012626
Oneida Avenue,40.6122174,-74.1002278
87 Terrace,42.7706368,-73.8320932
87 Road,40.66315765,-73.79581394
Bates Road,40.7686104,-73.72976695
West End Drive,40.770784,-73.733254
Annadale Lane,40.768021,-73.731709
Prospect Avenue,40.665414,-73.992872
Hewitt Place,40.819477,-73.899869
111 Avenue,40.7413853,-74.0032719
111 Road,43.1264117,-77.552677
173 Street,40.7119479,-73.7887
White Plains Road,40.8573681,-73.8676146
Cruger Avenue,40.8654585,-73.8663423
Avenue St. John,40.8122748,-73.9011392
Jennings Street,40.831502,-73.888081
East 149 Street,40.8120839,-73.9041639
North Hangar Road,40.6613781,-73.778806
JFK Expressway,40.6670081,-73.7860417
140 Street,40.7528121,-73.9739556
142 Street,40.6927316,-73.9935774
Bruckner Boulevard,40.8301747,-73.8375135
Morley Avenue,40.5755616,-74.1265052
Rockland Avenue,40.5885639,-74.1458338
150 Road,40.657963,-73.81738897
North Boundary Road,40.6562885,-73.7704432
Brookville Boulevard,40.6732591,-73.7338072
Brielle Avenue,40.5913602,-74.1368254
Manor Road,40.6092982,-74.1212609
Glen Street,40.6808818,-73.871444
Aldus Street,40.823191,-73.889484
Beekman Avenue,40.808723,-73.913884
Mulberry Avenue,40.7488859,-73.8170488
Freedom Avenue,40.5964537,-74.1637458
Home Street,40.828706,-73.889935
168 Street,40.6728674,-73.9910249
Sussex Avenue,40.60327,-74.115893
Northern Boulevard,40.7530794,-73.9062074
45 Avenue,40.54747245,-74.21054678
Stone Street,40.7044119,-74.010224
Court Street,40.6941,-73.991777
Lloyd Road,40.6935197,-73.8079006
Liberty Avenue,40.6744049,-73.8965126
Lois Lane,40.612213,-74.175561
Bloomfield Avenue,40.6130392,-74.1829511
East 167 Avenue,40.5872149,-73.6616879
Hewlett Street,40.753754,-73.704711
Langdale Street,40.7415422,-73.7009103
East 47 Street,40.751911,-73.9675888
East 48 Street,40.7545135,-73.9715411
East 11 Street,40.7263892,-73.9769043
East 12 Street,40.728137,-73.9790715
West 44 Street,40.7565117,-73.9840416
West 45 Street,40.7615025,-73.9939522
50 Street,40.7616618,-73.9838968
51 Street,40.7419652,-73.9861944
34 Avenue,40.7554667,-74.0013993
Center Drive,40.6624162,-73.9688302
Delancey Street,40.7191325,-73.9903738
Rivington Street,40.7185765,-73.9833967
55 Street,40.7391291,-73.9947881
56 Street,40.7561904,-73.9818638
Bowery,40.7195236,-73.9943556
Duane Street,40.7173438,-74.009633
Reade Street,40.7159819,-74.0087393
Mott Street,40.7191232,-73.9964472
East Broadway,40.713715,-73.990173
Catherine Slip,40.709679,-73.9960512
Catherine Street,40.629946,-74.138598
Broadway,40.8028269,-73.9675054
8 Avenue,40.7683107,-73.96440596
East 13th Street,40.5865094,-73.9559583
57 Street,40.764332,-73.9764332
East 130 Street,40.7992623,-73.9131069
East 129 Street,40.7984784,-73.9144895
Stanton Street,40.7215865,-73.9889254
East Houston Street,40.7207965,-73.9813759
East 42 Street,40.751771,-73.9768019
East 43 Street,40.7531455,-73.9779608
Pike Slip,40.7099255,-73.9917925
Rutgers Slip,40.7106607,-73.9898632
27 Street,40.7406433,-73.992796
26 Street,40.7437551,-73.9889136
Spring Street,40.7223025,-73.9971855
Prince Street,40.724329,-73.997702
East 59 Street,40.7639571,-73.9722754
60 Street,40.5923764,-73.7887383
East 74 Street,40.7681172,-73.9526585
East 73 Street,40.766698,-73.9511901
Skillman Avenue,40.746185,-73.9337049
East 45 Street,40.739963,-73.98730002
East 46 Street,40.7559876,-73.9789038
35 Avenue,40.7127281,-74.0060152
45 Street,40.648939,-74.010006
Beekman Street,40.628881,-74.139772
West 73 Street,40.7793445,-73.9812665
West 74 Street,40.7802483,-73.9814211
Madison Street,40.7125376,-73.9915211
James Street,40.7124553,-73.9988453
Vandam Street,40.7266142,-74.0075643
6 Avenue,40.7613119,-73.9816059
Lafayette Street,40.7267105,-73.9940763
West 62 Street,40.7741833,-73.9907183
West Houston Street,40.7290915,-74.0104271
Barnett Avenue,40.749979,-73.911625
West Drive,40.6577882,-73.9730535
11 Avenue,40.7127281,-74.0060152
12 Avenue,40.8178841,-73.9604648
87 Street,40.7787298,-73.9516712
92 Street,40.7798048,-73.9444584
93 Street,40.780691,-73.9445956
113  Street,40.7706298,-73.9853155
114 Street,40.8063045,-73.9638874
90 Street,40.5880338,-73.8136929
Austin Street,40.7195628,-73.8431467
Wetherole Street,40.7279569,-73.8635025
53 Road,40.6528925,-73.7948032
62 Avenue,40.7714454,-73.9832991
Apex Place,40.734545,-73.8524203
62 Drive,40.55596965,-74.14098696
63 Avenue,40.764629,-73.966113
Williams Avenue,40.6530013,-73.894129
89 Street,40.7813875,-73.954077
72 Street,40.7790162,-73.9818557
74 Street,40.7468762,-73.8912482
South Conduit Avenue,40.666549,-73.8376823
Cohancy Street,40.665199,-73.8352573
Havemeyer Street,40.715433,-73.953865
Marcy Avenue,40.7084064,-73.9579142
Leonard Street,40.7183249,-74.0071866
Gerry Street,40.6998236,-73.9497937
Fillmore Place,40.7143322,-73.9591613
North 1 Street,44.2909374,-73.9848672
Jackie Robinson Parkway,40.703758,-73.8553064
Jamaica Avenue,40.7023681,-73.8036015
Tompkins Avenue,40.6044487,-74.0653278
Throop Avenue,40.7004288,-73.9443862
Taaffe Place,40.6941973,-73.9601751
Classon Avenue,40.688873,-73.96007
Irving Avenue,40.6942856,-73.9060907
Wyckoff Avenue,40.6965433,-73.905752
Albany Avenue,40.6780172,-73.9385941
Troy Avenue,40.6775604,-73.9358607
91 Street,40.7833391,-73.9547909
Blake Avenue,40.667283,-73.898552
Dumont Avenue,40.6715241,-73.8585528
Ryerson Street,40.6975194,-73.9658002
Grand Avenue,40.7360112,-73.8795373
Clermont Avenue,40.6915463,-73.9705379
Vanderbilt Avenue,40.7530493,-73.9779849
Franklin Avenue,40.6706813,-73.9579734
72 Street Pedestrian Overpass,40.7118814,-73.9787924
73 Street,40.7177693,-73.991467
141 Street,40.7171476,-73.9947178
Main Street,40.7252024,-73.8209022
Gardner Avenue,40.7089973,-73.9241694
Grand Street Bridge,40.7164049,-73.9230801
Queens Boulevard,40.727634,-73.854941
Kew Gardens Road,40.7027092,-73.8174107
Fanchon Place,40.6785841,-73.8988611
Georgia Avenue,40.6521022,-73.887989
East 93 Street,40.7805427,-73.9442562
East 94 Street,40.6356353,-73.8958454
Fulton Street,40.7101857,-74.0076638
Chauncey Street,40.6829301,-73.9105344
Junction Boulevard,40.7491675,-73.8694786
Hoover Avenue,40.7119475,-73.8255864
82 Drive,40.7870453,-73.9812879
Metropolitan Avenue,40.7130242,-73.9514225
Hope Street,40.7134302,-73.9564869
Scott Avenue,40.5921107,-74.0797213
Trotting Course Lane,40.712519,-73.858985
Selfridge Street,40.7191223,-73.8574095
Steuben Street,40.6036351,-74.0770148
Emerson Place,40.69396,-73.9622288
Tahoe Street,40.6680921,-73.8382796
Raleigh Street,40.6700919,-73.8366423
Clay Street,40.7365957,-73.9551924
Box Street,40.7371676,-73.9567203
Paidge Avenue,40.7367939,-73.9504444
Union Turnpike,40.7454151,-73.715169
80 Road,40.8680045,-73.9005976
82 Avenue,40.7256519,-73.8776307
Sumpter Street,40.6808702,-73.9123361
Church Avenue,40.6507967,-73.9495439
Avenue A,40.7271803,-73.9827157
Ainslie Street,40.7126022,-73.9492335
Meeker Avenue,40.6253469,-74.1769824
Grand Street,40.7132751,-73.9776678
Vleigh Place,40.7289624,-73.8213805
71 Avenue,40.721691,-73.844521
Lenox Road,40.6553529,-73.9306307
Linden Boulevard,40.6747473,-73.8368685
Eliot Avenue,40.7326877,-73.8677877
Woodhaven Boulevard,40.7332625,-73.8697005
95 Avenue,40.6742426,-73.975421
95 Street,40.6161881,-74.0310127
74 Avenue,40.7468762,-73.8912482
Franklin Street,40.7191802,-74.0069278
Manhattan Avenue,40.7214035,-73.9490041
Horace Harding Expressway,40.7640399,-73.7228105
Washington Avenue,40.6605697,-73.9606143
Hall Street,40.6975478,-73.9667402
Park Circle,40.651023,-73.97219336
Parade Place,40.6519517,-73.9653829
Caton Avenue,40.6475964,-73.9733121
Albemarle Road,40.6478739,-73.9556227
Avenue S,40.610228,-73.9306
Avenue T,40.615647,-73.917887
East 14 Street,40.7319448,-73.9840083
East 13 Street,40.7281972,-73.9772209
Lawrence Avenue,40.6291546,-73.9767152
Parkville Avenue,40.633084,-73.9671693
Newkirk Avenue,40.6399641,-73.9483922
Sheepshead Bay Road,40.5870625,-73.9528309
East 16 Street,40.7372809,-73.9925286
St. Pauls Place,40.8360116,-73.9035491
131 Street,43.0140109,-78.876608
Whitestone Expressway,40.7920448,-73.8235709
Wallace Avenue,40.8543854,-73.8648158
Barnes Avenue,40.893249,-73.854067
Eastchester Bridge,40.8880055,-73.8234367
Huguenot Avenue,40.5332585,-74.1924945
Mace Avenue,40.8625926,-73.8351909
Allerton Avenue,40.8654299,-73.8673652
Booth Memorial Avenue,40.7405597,-73.7891279
Lawrence Street,40.6936763,-73.9861977
West kingsbridge Road,40.8680002,-73.8998451
Dark Street,40.8904806,-73.8307448
Western Avenue,40.6315638,-74.184923
65 Avenue,40.6336953,-74.07832907
Melbourne Avenue,40.7337753,-73.814858
Tomlinson Avenue,40.850012,-73.8523205
Gravett Road,40.7352894,-73.8236358
Halsey Street,40.6863449,-73.9165406
Macon Street,40.6813636,-73.9471585
Collins Place,40.7638402,-73.8350818
Kings Road,40.6467368,-73.9242869
Montgomery Place,40.8428201,-73.8493114
Garfield Place,40.6725042,-73.9774407
Claver Place,40.682421,-73.957534
Janet Place,40.7585019,-73.8352679
147 Street,40.7444948,-73.9941795
7 Avenue,40.7367035,-74.0010309
Nethermead Arches,40.6624162,-73.9688302
Kane Street,40.6863978,-73.9972781
Hancock Street,40.682004,-73.954623
Marion Street,40.6815675,-73.9127825
Decatur Street,40.6955788,-73.9005102
McDonough Street,42.483754,-79.311863
9 Street Bridge,40.6577415,-73.82997841
2 Avenue,40.7330958,-73.9843953
East 89 Street,40.7813875,-73.954077
Remsen Avenue,40.6449389,-73.9112164
Quentin Road,40.6062648,-73.9762955
Avenue R,40.606325,-73.9529569
East 1 Road,40.6868098,-74.0172454
Avenue M,40.6178971,-73.959474
Baughman Place,40.6201322,-73.9339751
Avenue L,40.6397462,-73.8936347
Aviation Road,40.5819271,-73.8880283
Marine Parkway Bridge,40.5734924,-73.88493729
New Jersey,40.6774274,-73.8962359
Pier,40.8047002,-73.7949603
Utica Avenue,40.679347,-73.9308408
Glenwood Road,40.6321123,-73.964598
Malta Street,40.6573667,-73.8940508
Alabama Avenue,40.6768986,-73.8992908
Van Sinderen Avenue,40.6574266,-73.8991111
Snediker Avenue,40.671069,-73.901429
Avenue K,40.637901,-73.900838
Avenue J,40.625039,-73.960803
Hinsdale Street,40.671205,-73.900507
108 Street,40.7935598,-73.9453291
Avenue O,40.616492,-73.928567
Fillmore Avenue,40.603009,-74.13427
Farragut Road,40.637394,-73.92986
East 71 Street,40.7697052,-73.9625959
Avenue U,40.597473,-73.979137
21 Avenue,40.74870485,-73.94163788
Havemeyer Avenue,40.8194366,-73.844971
Castle Hill Avenue,40.8342413,-73.8512738
Arnow Place,40.850241,-73.828839
Sands Place,40.8509586,-73.8288667
Crotona Parkway,40.8444871,-73.8849149
Daly Avenue,40.84343,-73.882534
Rosedale Avenue,40.8233665,-73.8674566
Commonwealth Avenue,40.8327646,-73.8684802
West Main Street,40.7575703,-73.954124
East Main Street,40.7565833,-73.9534671
Lafayette Avenue,40.6863074,-73.9744304
Bruckner Expressway,40.8248968,-73.8680779
Van Cortlandt Avenue West,40.8853514,-73.8943187
46 Avenue,40.5474654,-74.21057808
45 Road,40.6505439,-73.7912194
Chapin Parkway,40.7139568,-73.802019
84 Avenue,40.7765808,-73.952428
Vyse Avenue,40.831798,-73.888936
Hoe Avenue,40.833738,-73.888802
16 Street,40.7422885,-74.0044325
15 Street,40.660365,-73.979493
151 Street,40.7209153,-73.9897956
58 Lane,40.7734671,-73.8693292
50 Avenue,40.74323715,-73.95913243
134 Street,40.8317237,-73.89427113
136 Street,42.1007671,-75.9203925
Elmwood Avenue,40.627222,-73.9744248
38 Street,40.7467884,-73.9728441
47 Street,40.7631593,-73.9939806
53 Street,40.7219194,-73.9903378
52 Street,40.754478,-73.9636705
71 Street,40.7429616,-73.9922855
East 37 Street,40.7473771,-73.9760197
East 38 Street,40.7476278,-73.9748424
Crotona Park East,40.8366261,-73.8925344
Douglass Street,40.6805929,-73.9850325
28 Avenue,40.7457235,-73.94161704
Avenue W,40.5923096,-73.9738908
Jewel Avenue,40.725067,-73.8400158
46 Road,40.6585005,-73.7741302
47 Avenue,40.5474584,-74.21060924
East 67 Street,40.7646815,-73.9584577
Wilkinson Avenue,40.851737,-73.831961
Continental Avenue,40.7185769,-73.845792
39 Street,40.7583819,-73.9984041
40 Street,40.70702185,-74.00966692
41 Street,40.7600757,-73.9985937
42 Street,40.7546374,-73.988131
43 Street,40.7127281,-74.0060152
44 Street,40.6927648,-73.991228
46 Street,40.7566484,-73.9140858
85th Street,40.6548821,-73.8465129
53 Drive,40.7289682,-73.9011495
53 Avenue,40.7605598,-73.9759537
Bloomfield Street,40.7404201,-74.0095688
213 STREET,40.9051757,-73.84352589
JEROME AVENUE,40.8665331,-73.8981713
235 STREET,40.66817075,-73.72781975
236 STREET,40.748997,-73.9942568
231 STREET,40.8789536,-73.904797
232 STREET,43.04573765,-76.15007158
KAPPOCK STREET,40.8817118,-73.9197405
227 STREET,40.7593175,-73.96683
MAJOR DEEGAN EXPRESSWAY,40.8557069,-73.9179253
DR MARTIN LUTHER KING JR BOULEVARD,40.8120077,-73.9550848
WALTON AVENUE,40.838948,-73.916429
GRANDVIEW PLACE,40.8347502,-73.9182298
KEPLER AVENUE,40.898587,-73.87085
COLDEN AVENUE,40.853621,-73.860583
ARNOW AVENUE,40.8679285,-73.8692774
WILDER AVENUE,40.89581,-73.8428862
EAST MOUNT EDEN AVENUE,40.8435761,-73.9130722
NEW YORK AVENUE,40.6435253,-73.9458799
237 STREET,40.7419382,-73.9994351
172 STREET,40.7416042,-73.71348233
ENTRANCE,40.8201649,-73.8245373
MORRIS PARK AVENUE,40.851251,-73.8458362
BRONXDALE AVENUE,40.851576,-73.8677878
BOND STREET,40.7265917,-73.9940313
CLASSON AVENUE,40.688873,-73.96007
JEFFERSON AVENUE,40.5835955,-74.1033494
HANCOCK STREET,40.682004,-73.954623
ST MARKS AVENUE,40.7186515,-73.894805
PROSPECT PLACE,40.6737146,-73.9391042
KINGSTON AVENUE,40.6694074,-73.9421829
ALBANY AVENUE,40.6780172,-73.9385941
ST JOHNS PLACE,40.6726653,-73.9585329
CATON AVENUE,40.6475964,-73.9733121
PARK PLACE,40.7132181,-74.0091645
26 STREET,40.7437551,-73.9889136
27 STREET,40.7406433,-73.992796
WEST 147 STREET,40.7376246,-73.6407922
176 STREET,40.8484815,-73.9117776
177 STREET,42.1402795,-77.05574021
150 STREET,40.7572301,-73.97074271
151 STREET,40.7209153,-73.9897956
105 STREET,40.5832557,-73.8273814
110 STREET,40.7964552,-73.9483064
120 STREET,40.70476125,-74.00595512
122 STREET,40.7511996,-73.9765888
RAYMOND PLACE,40.629647,-74.125462
BROOKS POND PLACE,40.623816,-74.1184658
SLOSSON AVENUE,40.6094179,-74.1165638
CANTERBURY AVENUE,40.608167,-74.152801
SIGNS ROAD,40.6021819,-74.1683335
HILLMAN AVENUE,40.612573,-74.160427
SIMONSON AVENUE,40.6298624,-74.1525051
EUNICE PLACE,40.624128,-74.152791
MANOR ROAD,40.6092982,-74.1212609
WRIGHT AVENUE,40.8806472,-73.8331952
EMERIC COURT,40.6367517,-74.1500654
SOUTH AVENUE,40.6156603,-74.1728195
25 STREET,40.6718383,-73.9966984
EAST 38 STREET,40.7483053,-73.97643
EAST 103 STREET,40.7910474,-73.9494429
SHORE PARKWAY,40.5849263,-73.9512406
EAST 16 STREET,40.7294689,-73.9740105
IRWIN STREET,40.5801802,-73.943957
WHIPPLE STREET,40.70075,-73.9455193
REMSEN AVENUE,40.6449389,-73.9112164
EAST 57 STREET,40.7602748,-73.9675757
EAST 58 STREET,40.7623719,-73.9704539
SCHOLES STREET,40.7115715,-73.927158
STAGG STREET,40.7090059,-73.9486352
KNICKERBOCKER AVENUE,40.6987479,-73.9189811
16 AVENUE,40.7838038,-73.7948491
MARION STREET,40.6815675,-73.9127825
JACKSON STREET,40.7121553,-73.9807035
METROPOLITAN AVENUE,40.7130242,-73.9514225
FILLMORE PLACE,40.7143322,-73.9591613
COMMERCIAL STREET,40.7372374,-73.9567764
6 AVENUE,40.7613119,-73.9816059
VAN SINDEREN AVENUE,40.6574266,-73.8991111
WILLIAMS PLACE,42.099537,-75.871433
SUMPTER STREET,40.6808702,-73.9123361
SUYDAM STREET,40.7020172,-73.9238227
BROOME STREET,40.7153988,-73.9812435
NORTH MOORE STREET,40.719799,-74.0069519
HUBERT STREET,40.72141,-74.009178
CHAMBERS STREET,40.7129921,-74.0038204
HARRISON STREET,40.7189393,-74.0114591
EAST 4 STREET,43.04448585,-74.85571702
ASTOR PLACE,40.7299157,-73.990821
JANE STREET,40.7381292,-74.0033808
12 STREET,40.7107064,-73.79203914
LAFAYETTE STREET,40.7267105,-73.9940763
VAN DAM STREET,40.7366879,-73.93585
ST NICHOLAS AVENUE,40.8241432,-73.9446885
SKILLMAN AVENUE,40.746185,-73.9337049
JACKSON AVENUE,40.816519,-73.90778
ROOSEVELT AVENUE,40.7582939,-73.8342154
WHITNEY AVENUE,40.746066,-73.875362
36 AVENUE,40.7565586,-73.9298155
30 AVENUE,40.7666967,-73.9215824
31 AVENUE,40.5706122,-74.14560555
GRAND CENTRAL ENTRANCE,40.7525142,-73.9782031
PURVES STREET,40.7473561,-73.9413946
DUTCH KILLS STREET,40.7467382,-73.940016
BROAD STREET,40.7035656,-74.0115944
EDINBORO  ROAD,40.575951,-74.146732
WOODSIDE AVENUE,40.7427779,-73.8926679
MARKET STREET,40.635555,-74.116032
PIKE SLIP,40.7099255,-73.9917925
RUTGERS SLIP,40.7106607,-73.9898632
WORTH STREET,40.7182262,-74.0087742
PEARL STREET,40.7115239,-74.0008639
JUNCTION BOULEVARD,40.7491675,-73.8694786
ONDERDONK AVENUE,40.7121174,-73.9209802
114 Rd,40.7127281,-74.0060152
BERGEN AVENUE,40.6189256,-73.9001967
ST ANNS PLACE,42.6396506,-73.7575162
BROOK AVENUE,40.807555,-73.9192429
102 STREET,40.78866,-73.9457907
ERSKINE STREET,40.6529598,-73.8667555
DOOLEY STREET,40.583824,-73.9448537
121 STREET,40.7632689,-73.9682947
123 STREET,40.7557743,-73.9870031
WEST 114 STREET,40.8014696,-73.9524178
WEST 113 STREET,40.8050361,-73.9628049
WHITEHALL STREET,40.7035982,-74.0131307
STATE STREET,40.7025343,-74.0139849
34 STREET,40.7516114,-73.9920396
181 STREET,40.8517607,-73.9379597
182 STREET,40.8562505,-73.9011198
148 STREET,40.823712,-73.9361014
VAN WYCK EXPRESSWAY,40.7165356,-73.8262326
50 AVENUE,40.74323715,-73.95913243
70 AVENUE,40.7498595,-73.9796281
244 STREET,40.7219141,-73.9814243
LINCOLN STREET,40.6039092,-74.1180836
SCHMIDTS LANE,40.6095729,-74.1145054
RALPH PLACE,40.6051237,-74.0920441
HAY STREET,40.604123,-74.090505
NAPLES STREET,40.6030834,-74.0911728
CLINTON STREET,40.6732506,-74.0025729
NECKAR AVENUE,40.6091416,-74.0834587
WESER AVENUE,40.6085947,-74.0828697
EBBITTS AVENUE,40.5664205,-74.1136345
STATEN ISLAND EXPRESSWAY,40.6297006,-74.18611
YUKON AVENUE,40.5757022,-74.1669874
INDEPENDENCE AVENUE,40.6037865,-74.0154861
NARROWS ROAD NORTH,40.6067557,-74.0762802
RICHMOND ROAD,40.5973154,-74.0929447
COLUMBUS AVENUE,40.7998673,-73.9624226
NARROWS ROAD SOUTH,40.6046213,-74.0719454
OLGA PLACE,40.6036422,-74.0774119
60 STREET,40.5923764,-73.7887383
BIRDSALL AVENUE,40.6072085,-73.7544264
NAMEOKE AVENUE,40.6063328,-73.7506974
47 STREET,40.7627568,-73.9930479
48 STREET,40.7594093,-73.9831606
EAST 42 STREET,40.751771,-73.9768019
214 STREET,41.71353595,-73.92007759
85 ROAD,40.6400897,-73.7854434
READS LANE,40.601219,-73.740299
RIO DRIVE,40.7185067,-73.7748952
VIRGINIA STREET,40.6108821,-73.7459133
ALBEE AVENUE,40.5392139,-74.1836587
POILLON AVENUE,40.5368532,-74.1795958
DOLE STREET,40.5271772,-74.1726884
HARGOLD AVENUE,40.5322859,-74.2184946
DELMAR AVENUE,40.546775,-74.19464
MAZZA COURT,40.5563401,-74.2010384
STAFFORD AVENUE,40.5391848,-74.2090074
WAIMER PLACE,40.541741,-74.1661634
TOKEN STREET,40.5620158,-74.175429
CROSSFIELD AVENUE,40.5599018,-74.1747742
ARBUTUS AVENUE,40.5217249,-74.1789472
CLAY PIT ROAD,40.5398633,-74.2215751
SPERRY PLACE,40.546775,-74.19464
POMPEY AVENUE,40.544223,-74.173112
DRUMGOOLE ROAD EAST,40.5426044,-74.1838089
99 STREET,40.70479,-74.0072588
EAST 100 STREET,40.7883932,-73.9489766
86 St,40.7794939,-73.9555295
238 STREET,40.7836451,-73.9479856
BRONX PARK AVENUE,40.839902,-73.875613
BRADY AVENUE,40.852358,-73.86488
PELHAM PARKWAY SOUTH,40.8563458,-73.8385504
SILVER BEACH PLACE,40.8135137,-73.808891
MULLEN PLACE,43.1560584,-77.6332169
METCALF AVENUE,40.8290433,-73.8725276
JOHNSON AVENUE,40.511072,-74.246683
187 STREET,40.853332,-73.9306638
188 STREET,43.2466272,-77.614879
HEMLOCK STREET,40.5441972,-74.2100098
60 AVENUE,40.7431832,-73.986547
61 AVENUE,40.7456359,-73.9030518
FOREST PARK DRIVE,40.7100108,-73.8379958
73RD PLACE,40.7043194,-73.8762294
CULLODEN PLACE,40.6829519,-73.8577359
TYLER AVENUE,40.623577,-74.111495
69 STREET,40.7463474,-73.896305
62 AVENUE,40.7714454,-73.9832991
LAWRENCE STREET,40.7429566,-73.8338282
209 STREET,40.7538793,-73.989343
OCEANIA STREET,40.743639,-73.7658456
HAMILTON PLACE,40.7263048,-73.9002274
KING ROAD,40.7617066,-73.8351955
36 ROAD,40.6373748,-73.7814266
CROCHERON AVENUE,40.7624806,-73.8040305
FRANCIS LEWIS BOULEVARD,40.77318,-73.7958221
77 ROAD,40.6534283,-73.766691
BLOSSOM AVENUE,40.7526205,-73.8292222
BOTANICAL GARDEN BRIDGE,40.749262,-73.8323449
Dead end,40.8401745,-73.82344175
CENTRAL AVENUE,40.6979465,-73.9266436
BURR AVENUE,40.8547363,-73.8279943
HAWTREE STREET,40.6688956,-73.8350415
CENTREVILLE STREET,40.676898,-73.835301
CRESSKILL PLACE,40.695911,-73.80994
ARLINGTON TERRACE,40.691482,-73.800212
56 ROAD,44.6743889,-73.4499831
KING STREET,40.6783258,-74.011582
BAY 23RD STREET,40.6005409,-74.0036921
EAST 15 STREET,40.7326744,-73.9835879
ELY AVENUE,40.8796608,-73.8409012
79TH STREET,40.7838618,-73.9799918
78TH STREET,40.7532512,-73.8887401
212TH STREET,40.7152863,-73.7469794
NARRAGANSETT AVENUE,40.855074,-73.85064
LORRAINE STREET,40.673718,-74.0045228
GOWANUS EXPRESSWAY,40.6724963,-73.9989019
RODNEY STREET,40.7042633,-73.9611272
RICHARDSON STREET,40.7182909,-73.9501602
LEONARD STREET,40.7183249,-74.0071866
56 DRIVE,43.1253551,-77.5621835
86 STREET,40.7162335,-73.9923047
37  AVENUE,40.7645956,-73.9163245
81 STREET,40.7817835,-73.9719225
82 STREET,40.7476192,-73.8841432
BRUCKNER BOULEVARD NB,40.8042999,-73.9128947
RAE STREET,40.8173685,-73.9113895
164 STREET,40.6635198,-73.9957563
165 STREET,40.68667,-73.9543696
WEST 10 STREET,40.7346707,-74.0000922
SUTTON SQUARE,40.7579862,-73.960054
MACOMBS PLACE,40.8280202,-73.9349064
EAST 105 STREET,40.6512183,-73.8990872
HUDSON RIVER GREENWAY,40.7134531,-74.014212
57 AVENUE,40.7646501,-73.9806228
254 STREET,40.6559556,-74.007476
ADELPHI STREET,40.6915798,-73.971548
CLERMONT AVENUE,40.6820838,-73.9687053
WOODHAVEN BOULEVARD,40.7332625,-73.8697005
71 AVENUE,40.721691,-73.844521
BULWER PLACE,40.6822123,-73.8933515
VERMONT PLACE,40.6913402,-73.890581
CYPRESS HILLS STREET,40.703125,-73.895144
HART STREET,40.6938242,-73.9430891
TAHOE STREET,40.6680921,-73.8382796
RALEIGH STREET,40.6700919,-73.8366423
BRIELLE AVENUE,40.5989787,-74.1230537
WEST FINGERBOARD ROAD,40.6011446,-74.0871949
BROOKSIDE AVENUE,40.6229058,-74.1215025
WITTEMAN PLACE,40.6088344,-74.1016018
MILFORD DRIVE,40.6098554,-74.1052707
HOMECREST COURT,40.6016875,-73.9615894
EAST 17 STREET,40.7376832,-73.9916634
HUNTS POINT AVENUE,40.8208004,-73.8908065
163 STREET,40.7287309,-74.0000208
CONCOURSE VILLAGE EAST,40.8240556,-73.9192925
32 STREET,40.7127281,-74.0060152
33 STREET,40.7463947,-73.9818293
NEW UTRECHT AVENUE,40.624842,-73.996353
PARK AVENUE NORTH,40.7382805,-73.6606546
EAST 120 STREET,40.8015168,-73.940548
PALADINO AVENUE,40.7957971,-73.9326142
WEST 175 STREET,43.02847,-76.156249
46 Ave,40.7615772,-73.9104044
VAN CORTLANDT PARK SOUTH,40.8862757,-73.8983262
OLMSTEAD AVENUE,40.829303,-73.8535811
NEW ENGLAND THRUWAY,40.8567158,-73.8265708
WHITTIER STREET,40.8072763,-73.8817152
EAST  93 STREET,40.7805427,-73.9442562
QUENTIN ROAD,40.6058387,-73.9801521
WEST 47 STREET,40.7627568,-73.9930479
87 TERRACE,42.7706368,-73.8320932
PRINCETON STREET,40.6923955,-73.8047607
CONEY ISLAND AVENUE,40.6299377,-73.9661411
15 STREET,40.660365,-73.979493
ELM AVENUE,40.6178971,-73.959474
AVENUE R,40.6058143,-73.9576506
AVENUE P,40.608944,-73.973022
STUART STREET,40.6070703,-73.939657
13 STREET,40.7391716,-74.0032986
SHELL ROAD,40.5799488,-73.9762756
FLATBUSH AVENUE,40.6031817,-73.9152853
MILL BASIN BRIDGE,40.6046742,-73.89902755
BAY RIDGE PARKWAY,40.6266777,-74.0179859
EAST 97 STREET,40.788526,-73.9551195
EAST 99 STREET,40.7888815,-73.9520285
WEST 27 DRIVE,41.0463455,-73.75229055
WEST 28th STREET,40.7480009,-73.9951861
WEST 29 STREET,40.753748,-74.0069119
EAST 62 STREET,40.7603856,-73.9580005
WEST 25th STREET,40.7429982,-73.9890598
WEST 26th STREET,40.7437551,-73.9889136
BOYCE AVENUE,40.7625433,-73.7784719
CLEARVIEW EXPRESSWAY,40.7598361,-73.777145
64 AVENUE PEDESTRIAN OVERPASS,40.7339523,-73.8451955
64 ROAD,44.6741316,-73.4501373
134 STREET,41.7114807,-73.93015488
WILD AVENUE,40.590141,-74.188732
VETERANS ROAD WEST,40.5278073,-74.2331157
VETERANS ROAD EAST,40.5560944,-74.203005
FAHY AVENUE,40.6176773,-74.1630703
GOETHALS ROAD NORTH,40.6288012,-74.1830002
SEYMOUR AVENUE,40.8676299,-73.846171
THORNTON STREET,40.7006123,-73.9443101
EAST 46th STREET,40.751437,-73.9681142
EAST 47th STREET,40.7553889,-73.9755445
68 ROAD,43.3216235,-76.28045249
CENTRAL PARK SOUTH,40.7678115,-73.9811483
SCHLEY AVENUE,40.5562167,-74.1506426
IRVING STREET,40.6981816,-73.9122932
ELK STREET,40.7136386,-74.0046906
TOMPKINS PARK,40.6897815,-73.94664216
WEST 187 STREET,40.8528395,-73.9313146
37 Road,40.6615903,-73.7897844
Targee Street,40.6087897,-74.0883261
Hale Avenue,40.683409,-73.880725
143 Street,40.7171709,-73.9947953
198 Street,40.65422815,-73.78956598
199 Street,40.61617595,-73.96300022
South Avenue,40.6054628,-74.1810846
Forest Hill Road,40.5864271,-74.1462521
Token Street,40.5620158,-74.175429
Crossfield Avenue,40.5599018,-74.1747742
115 Road,43.2408621,-77.6292996
115 Drive,42.7244561,-73.9088825
St Anns Avenue,40.59127905,-74.09666133
Foster Avenue,40.6311231,-73.9692209
Westminster Road,40.6327424,-73.9656642
Argyle Road,40.644024,-73.9668529
Stratford Road,40.643989,-73.9687375
Rugby Road,40.6467346,-73.9664194
Friel Place,40.6471334,-73.9724708
East 29 Street,40.7439234,-73.9835616
Avenue St John,40.8122748,-73.9011392
Lustre Street,40.8906855,-73.8311288
Kingsbridge Road,40.8676734,-73.8972491
Bronx Boulevard,40.8870077,-73.8653065
83 Street,40.7868804,-73.9791535
85 Street,40.7265891,-73.9898025
Louisiana Avenue,40.655202,-73.893547
216 Street,44.0017044,-75.9801935
213 Street,40.9051757,-73.84352589
City Island Road,40.8566305,-73.7944273
Burke Avenue,40.8714348,-73.8671748
Pearsall Avenue,40.8674929,-73.8518866
Tenbroeck Avenue,40.8571425,-73.852718
Pinkney Avenue,40.8857469,-73.8235696
East 78 Street,40.7700538,-73.9493699
East 79 Street,40.7713454,-73.9503085
Flatlands Avenue,40.634856,-73.9142889
New Lots Avenue,40.6662999,-73.8837211
Hegeman Avenue,40.664857,-73.880222
East 95 Street,40.7849079,-73.9507545
Parsons Boulevard,40.707564,-73.803326
College Point Boulevard,40.7525496,-73.8325339
King Road,40.7617066,-73.8351955
Centre Street,40.7149524,-74.0022271
Bridge Street,40.7035879,-74.01223
Battery Place,40.7048196,-74.0167832
Nassau Street,40.7112739,-74.0064178
Dutch Street,40.7096096,-74.0073061
Beaver Street,40.7050832,-74.0107655
Morris Street,40.55354,-74.2114507
Lorimer Street,40.7038293,-73.9473618
Jay Street,40.6959531,-73.9871125
Harrison Street,40.7189393,-74.0114591
Thomas Street,40.568922,-74.138905
Catherine Lane,40.7159438,-74.0029122
Worth Street,40.7152194,-74.0022433
East 60 Street,40.7648615,-73.972435
East 61 Street,40.7614854,-73.9625278
61 Street,40.7456359,-73.9030518
Alderton Street,40.7283401,-73.8710285
Kelly Street,40.8162898,-73.8999656
Waterbury Street,40.7113035,-73.9377394
Kingsland Avenue,40.72046,-73.940794
Newtown Creek,40.7324763,-73.9399768
North 12 Street,43.9781756,-75.9157056
East 75 Street,40.7736883,-73.9638995
Market Street,40.635555,-74.116032
Grand Army Plaza,40.6748963,-73.9708739
Oliver Street,40.6195873,-74.0387365
Suydam Street,40.7020172,-73.9238227
Hart Street,40.7048613,-73.9198578
56 Drive,43.1253551,-77.5621835
56 Avenue,40.7483521,-73.9069239
JAMES Street,40.7124553,-73.9988453
West 46 Street,40.763084,-73.9957408
Columbus Circle,40.7681866,-73.9814223
West 61 Street,40.7713667,-73.9859786
Rockefeller Plaza,40.7583955,-73.9789868
Canal Street West,40.5792069,-74.0035927
75 Street,40.7848291,-73.9542105
West 118 Street,40.8045644,-73.9516496
West 119 Street,40.8069246,-73.9553148
West 120 Street,40.8113373,-73.9639549
West 100 Street,40.75160785,-73.98688412
West 97 Street,40.7957505,-73.9722731
Frederick Douglass Boulevard,40.8075177,-73.9531044
Edgecombe Avenue,40.8302773,-73.9402064
West 101 Street,43.1331171,-77.6173345
Kendrick Place,40.7156819,-73.7903369
Rushmore Avenue,40.762853,-73.741776
Morenci Lane,40.7640731,-73.7322648
195 Street,42.6570346,-73.76240339
196 Street,40.72281465,-73.83761841
60 Avenue,40.7431832,-73.986547
61 Avenue,40.7456359,-73.9030518
197 Street,40.61259845,-73.95158232
Reeves Avenue,40.7386349,-73.8162146
143 St,40.7171709,-73.9947953
144 Pl,41.04548335,-73.76273729
West 12 Street,40.7376112,-74.0015555
Stillwell Avenue,40.5870044,-73.983419
4 Avenue,40.60709435,-74.1490699
West 11 Street,40.7353375,-73.9981465
West 10 Street,40.7346707,-74.0000922
West 9 Street,40.7328958,-73.9960265
West 13 Street,40.7391716,-74.0032986
Greenwich Avenue,40.7338242,-73.999584
West 14 Street,40.7389276,-74.0005425
West 26 Street,40.7437551,-73.9889136
West 27 Street,40.7466697,-73.9939337
West 28 Street,40.7447286,-73.9874189
Fordham Road,40.8628436,-73.9010086
East 26 Street,40.7397346,-73.9793852
East 27 Street,40.741291,-73.9811749
Hone Avenue,40.8562345,-73.8598498
Lurting Avenue,40.8707258,-73.8566452
Fairmount Place,40.8442817,-73.8919124
Dewey Avenue,40.8220108,-73.8201459
Hemlock Avenue,40.7207617,-73.8964392
Autumn Avenue,40.6725449,-73.8673882
Glenmore Avenue,40.6711683,-73.9096274
Lincoln Avenue,40.5809377,-74.1115953
Sherman Avenue,40.8665569,-73.9179204
Vermilyea Avenue,40.8654073,-73.9242886
Cumming Street,40.8669597,-73.926741
Madison Avenue,40.7522005,-73.9797352
Park Avenue South,40.7415552,-73.9854337
165 Avenue,40.7091407,-73.7974263
1 Road/West Road,41.0398946,-73.75860321
Belmont Avenue,40.6718528,-73.8872879
Mt Eden Parkway,40.8430611,-73.909558
Crosby Street,40.7206285,-73.9997024
Belmont Street,40.8420752,-73.9044699
Noble Avenue,40.8225339,-73.8680841
Marmion Avenue,40.8418656,-73.8881229
Cross Bronx Expressway Service Road,40.8436338,-73.896897
Eastburn Avenue,40.8428784,-73.9086428
Schenectady Avenue,40.674302,-73.933383
Hemlock Street,40.684704,-73.8713701
Conway Street,40.6788601,-73.9043929
Highland Boulevard,40.6815336,-73.8943809
Bainbridge Street,40.6805467,-73.9347239
Bushwick Avenue,40.6815508,-73.9041998
West 59 Street,40.7704684,-73.9877473
Veterans Avenue,40.6201487,-73.9075972
East 56 Street,40.7596014,-73.9680635
Pearson Street,40.7450754,-73.9441543
East 15 Street,40.7326744,-73.9835879
Stuart Street,40.6070703,-73.939657
Beaver Avenue,40.7011829,-73.9396407
East 18 Street,40.7378413,-73.9902254
St Pauls Place,40.8360116,-73.9035491
Clarkson Avenue,40.6565477,-73.931909
Hanson Place,40.685113,-73.9778009
Sterling Place,40.6714689,-73.9307761
St Johns Place,40.6726653,-73.9585329
Brooklyn Avenue,40.6313796,-73.9416905
2 Street,40.5472181,-74.21231751
3 Street,40.57364435,-74.00012135
State Street,40.7025343,-74.0139849
Schermerhorn Street,40.6898221,-73.9881969
Lincoln Place,40.6715245,-73.9575681
St Marks Avenue,40.7186515,-73.894805
Prospect Place,40.6737146,-73.9391042
Monroe Street,40.7116892,-73.9933337
Bergen Street,40.6808135,-73.9750886
28 Street,40.747217,-73.9933621
29 Street,40.7439234,-73.9835616
Midwood Street,40.6601788,-73.9495753
Rutland Road,40.6606155,-73.9311937
79 Street,40.7713454,-73.9503085
77 Street,40.7380761,-73.9960562
105 Avenue,41.2915947,-73.9061445
114 Terrace,40.9309892,-73.8497231
115 Avenue,42.7655851,-73.7038469
Mill Basin,40.6098325,-73.9075848
Bergen Avenue,40.815883,-73.916457
EAGLE Avenue,40.822181,-73.908418
CAULDWELL Avenue,40.8154192,-73.9103157
3 Avenue,40.54678755,-74.21027354
97 Avenue,40.7858947,-73.9486003
101 Avenue,40.7127281,-74.0060152
Maryland Road,40.7609994,-73.7424786
Van Zandt Avenue,40.7626743,-73.7365957
St Nicholas Avenue,40.8241432,-73.9446885
West 47 Street,40.7627568,-73.9930479
West 48 Street,40.7654394,-73.9974662
Avenue I,40.625322,-73.976127
Bronx Park East,40.8489744,-73.8683841
Pelham Parkway,40.857229,-73.8676281
234 Street,40.7055273,-73.9225462
Claremont Parkway,40.8394904,-73.9045399
14 Avenue,40.57062935,-74.14571
Virginia Street,40.605927,-73.742213
Doughty Boulevard,40.6104288,-73.7440593
48 Street,40.7594093,-73.9831606
137 Street,40.7203299,-73.9901284
Cherry Street,40.7123927,-73.9781019
222 Street,40.7487057,-73.97449912
Hawkstone Street,40.8427605,-73.9132677
Mount Eden Avenue,40.8443436,-73.9147452
East 28 Street,40.7439638,-73.9856015
East 97 Street,40.7852713,-73.9473373
West 27 Drive,41.0463455,-73.75229055
West 29 Street,40.753748,-74.0069119
47th Avenue,40.7505577,-73.7917086
47th Road,40.757279,-73.761767
Rio Drive,40.7185067,-73.7748952
Henley Road,40.7180651,-73.7810905
36 Avenue,40.7565586,-73.9298155
Francis Lewis Boulevard,40.7135593,-73.753829
201 Street,42.4373576,-76.4945086
202 Street,44.002353,-75.9815022
Astoria Line,40.7744059,-73.9127553
30 Street,40.7438832,-73.9815498
Butler Street,40.6804766,-73.9826681
Pacific Street,40.6802115,-73.9641075
Dead Street,40.5778111,-73.9781185
Smith Street,40.6721713,-73.9993878
Hoyt Street,40.6905128,-73.9849862
92nd Street,40.655689,-73.840036
93rd Street,40.6187527,-74.0328301
200 Street,40.71364135,-74.01482043
203 Street,40.6640462,-73.80760815
204 Street,40.7941716,-73.9710329
13 Avenue,40.54682875,-74.2106047
East 27th Street,40.633204,-73.951
East 28th Street,40.6399911,-73.9503298
37th Ave,40.7539451,-73.8605053
West 25 Street,40.7429982,-73.9890598
31 Street,40.7291862,-73.9955475
41 Drive,40.84115565,-73.86157793
43 Avenue,40.5474864,-74.2104843
55 Drive,43.2293599,-77.5444068
92 St,40.7798048,-73.9444584
94 St,40.7820092,-73.9458177
East 61st Street,40.616553,-73.916486
East 62nd Street,40.7603856,-73.9580005
East 73rd Street,40.766698,-73.9511901
East 74th Street,40.7681172,-73.9526585
18 Avenue,40.620671,-73.990414
Wetherole St.,40.7279569,-73.8635025
Booth Street,40.7278701,-73.861091
10 Avenue,40.5464989,-74.21231865
52 Ave,40.7441763,-73.9124986
52 Rd,40.7127281,-74.0060152
60 Road,44.674222,-73.4500197
60 Drive,40.55579575,-74.14147531
Broadway Line,40.6969455,-74.0014894
Cooper Avenue,40.7074415,-73.8736538
Central Avenue,40.6979465,-73.9266436
8 Avenue Line,40.7383575,-73.9992012
68 Avenue,40.7651325,-73.9580265
68 Road,43.3216235,-76.28045249
Dale Ave,40.572812,-74.123884
Dale Ave.,40.572812,-74.123884
West 73rd Street,40.7804401,-73.9838547
West 74th Street,40.7786799,-73.9776967
144 Place,40.9058421,-73.8455098
4 Avenue Line,40.7383575,-73.9992012
West 173 St,43.0014991,-76.1489914
Brighton Line,40.655292,-73.961495
East 17 Street,40.7376832,-73.9916634
Jerome Avenue,40.8665331,-73.8981713
William St,40.7083391,-74.0076543
Congress St,40.688769,-73.9972755
Dyre Avenue Line,40.8699949,-73.8458916
Union Pl,40.6277638,-74.0772802
Van Duzer St,40.6255943,-74.0844979
45 Drive,40.84097805,-73.86140949
133 Street,40.77589695,-73.95851002
Fish Avenue,40.8701435,-73.8469382
Seymour Avenue,40.8752455,-73.8485284
Connector,40.7516976,-73.9997739
West 99th Street,40.7971386,-73.9716719
West 100th Street,40.7968378,-73.9690173
West 75 Street,40.7817655,-73.9830559
6 Avenue Line,40.7383575,-73.9992012
Van Cortlandt Park South,40.8860036,-73.8968856
Lexington Avenue Line,40.7523401,-73.9754823
Jamaica Line,40.7180921,-73.9865209
Bronx River Greenway,40.8715554,-73.8721976
Maran Place,40.8536664,-73.8680535
Lydig Avenue,40.854477,-73.866694
199 St,43.0709017,-74.3202715
200 St,40.71364135,-74.01482043
Yates Avenue,40.84744,-73.8479547
Cortlandt Alley,40.718823,-74.0014011
Frawley Circle,40.7965825,-73.9491109
Elk Street,40.7136386,-74.0046906
Duane St,40.7173438,-74.009633
Reade St,40.7159819,-74.0087393
Sackett Street,40.6857022,-74.0049954
Union Street,40.677316,-73.98311
Neckar Ave,40.6087534,-74.0838422
Weser Ave,40.6085947,-74.0828697
Botanical Garden Bridge,40.749262,-73.8323449
Irving Street,40.6947385,-73.9062772
85 Road,40.6400897,-73.7854434
86 Avenue,40.7788556,-73.9542942
Homecrest Court,40.6016875,-73.9615894
Hollers Avenue,40.8887386,-73.8168994
Junction Blvd,40.7491675,-73.8694786
Hart St,40.7048613,-73.9198578
68 Ave,40.7651325,-73.9580265
69 Ave,40.7463474,-73.896305
Wickham Avenue,40.8607479,-73.8352367
Bruner Avenue,40.8776238,-73.8403065
Carpenter Avenue,40.886608,-73.864505
Harding Avenue,40.822183,-73.807225
Silver Beach Place,40.8135137,-73.808891
69 Street,40.7463474,-73.896305
69 Place,42.64412595,-73.75706734
93 St,40.7805427,-73.9442562
Eastern Parkway Line,40.6732429,-73.9692858
Whipple Street,40.70075,-73.9455193
Thornton Street,40.7006123,-73.9443101
Broome Street,40.7153988,-73.9812435
Putnam Avenue,40.6977695,-73.9092512
Jefferson Avenue,40.5835955,-74.1033494
Chester Avenue,40.6437651,-73.9839445
36 Street,40.655144,-74.003549
Fulton Street Line,40.683411,-73.873033
Devoe Street,40.7140275,-73.9418749
Mazeau St,40.7282238,-73.891224
72 Pl,41.0384424,-73.8098273
72 Place,41.0467351,-73.8098176
Concourse Line,40.8192141,-73.9470649
Hamilton Place,40.7263048,-73.9002274
14 Street,40.7357611,-73.9906491
146 St,43.1238796,-77.5989377
Queens Blvd Line,40.7159513,-73.8333002
214 Street,41.71353595,-73.92007759
Vanderveer Street,40.7220869,-73.746203
Gansevoort Street,40.739411,-74.0057758
Charlton Street,40.726941,-74.003278
Olga Pl,40.603789,-74.076663
Hylan Blvd North,40.6067335,-74.0758037
Olga Place,40.603789,-74.076663
Fingerboard Rd,40.602132,-74.070593
Fingerboard St.,40.600128,-74.0915119
Ebbitts Street,40.563146,-74.107869
Allison Avenue,40.5675611,-74.1157632
Princeton Avenue,40.568995,-74.119933
Court Square,40.7464555,-73.9454525
44 Drive,40.84102115,-73.8614553
Jerome Avenue Line,40.8195341,-73.9268549
Northern Blvd,40.7530794,-73.9062074
34 Ave,40.7554667,-74.0013993
Melbourne Ave.,40.7337753,-73.814858
Inwood Street,40.6799541,-73.7955745
Princeton Street,40.6923955,-73.8047607
98 Street,40.5853442,-73.8204847
Liberty Place,40.7092514,-74.0091632
Culver Line,40.584933,-73.9744938
Jackson Street,40.7121553,-73.9807035
Belknap St,40.677415,-73.758787
180 St,40.8418946,-73.8735195
Park Lane South,40.6983202,-73.8489376
Woodbine St,40.6945553,-73.9147508
St Nicholas Ave,40.8241432,-73.9446885
Freedom Drive,40.700494,-73.8481861
Memorial Drive,41.512502,-74.030664
Hill Avenue,40.8935705,-73.84011
Monticello Avenue,40.9023338,-73.8426774
Eldert Lane,40.672409,-73.863551
Forbell Street,40.6640947,-73.8605272
90 St,40.5880338,-73.8136929
91 St,40.7801315,-73.9471772
Oceania Street,40.755631,-73.772634
Corporal Kennedy Street,40.774491,-73.781425
Avenue P,40.608944,-73.973022
Crooke Avenue,40.6531209,-73.9617033
Milford Dr,40.6099486,-74.1039193
East 118 Street,40.7962897,-73.9320391
East 119 Street,40.8018768,-73.9433329
East 120 Street,40.8015168,-73.940548
Bolton Street,40.8558677,-73.8686728
Mullen Place,43.1560584,-77.6332169
Wilder Avenue,40.89581,-73.8428862
Murdock Avenue,40.8934791,-73.8410378
78 Avenue,40.7380351,-73.72907433
78 Crescent,43.2102189,-77.5481684
Yukon Ave,40.5741893,-74.1638395
West 113 Street,40.8050361,-73.9628049
West 114 Street,40.8014696,-73.9524178
58 Street,40.7650598,-73.9768355
East 102 Street,40.78866,-73.9457907
East 103 Street,40.7910474,-73.9494429
Coleridge Street,40.5770395,-73.9500633
Dover Street,40.5771388,-73.9491392
Hook Creek Boulevard,40.678078,-73.726011
89 Ave,43.1508183,-77.690275
90 Ave,40.7483933,-73.8767862
90  Ave,40.7483933,-73.8767862
115 Rd,40.7127281,-74.0060152
116 Ave,40.6981596,-73.7427622
219 Street,40.7803531,-73.9513584
64 Ave,41.7134121,-73.9250864
67 Ave,40.7267968,-73.8532472
38th Ave,40.7546469,-73.9336421
Rhinelander Avenue,40.850416,-73.857001
Pelham Parkway South,40.8563458,-73.8385504
Jones Walk,40.5750816,-73.9788423
Columbus Ave,40.7998673,-73.9624226
Richmond Rd,40.5973154,-74.0929447
196 Place,43.1134535,-73.738609
Broad St,40.7035656,-74.0115944
46th Road,40.7527826,-73.7909966
South Gannon Avenue,40.6078099,-74.1308725
West 187 Street,40.8528395,-73.9313146
Clay Avenue,40.8446397,-73.9048431
Bike Path,40.7013831,-73.9908401
Hubert Street,40.72141,-74.009178
Tribeca Bridge,40.7175091,-74.0133333
St Ouen Street,40.903789,-73.846071
Penfield Street,40.904556,-73.8478256
Eliot Ave,40.732303,-73.8685606
Everton Avenue,40.547297,-74.194016
Westwood Avenue,40.6056918,-74.1397543
Dawson Street,40.8201361,-73.8971747
East 60th Street,40.7603138,-73.9616495
E 120th St,40.8015168,-73.940548
E 124th St,40.8019596,-73.934173
East 11th Street,40.5836667,-73.9590628
East 12th Street,40.591064,-73.958862
East 26th Street,40.7409558,-73.9822976
West 45th Street,40.761801,-73.994646
West 46th Street,40.7582569,-73.9842778
Waltham Street,40.6957711,-73.8058398
146th Street,40.701055,-73.808878
34th Avenue,40.763894,-73.936256
62nd Avenue,40.7327603,-73.865117
West 27th Street,40.7473864,-73.9956068
West 28th Street,40.7480009,-73.9951861
West 44th Street,40.7572239,-73.9857273
192th Street,40.7340069,-73.7801978
71st Street,40.6193283,-73.9989445
72nd Street,40.7790162,-73.9818557
65th Avenue,40.730953,-73.851137
67th Avenue,40.7267968,-73.8532472
64th Avenue,40.7317757,-73.8535154
83rd Street,40.7065835,-73.8661202
30th Street,40.7599886,-73.9281136
31st Street,40.7580674,-73.9285508
Baltic Street,40.6884386,-74.0011557
East 154th Street,40.819527,-73.916201
East 155th Street,40.8164805,-73.9038309
6th Street,40.6981022,-73.9748019
68th Street,40.635318,-74.023235
87th Street,40.6484429,-73.8430094
88th Street,40.6798468,-73.8515018
35th Avenue,40.7504258,-73.8976523
91st St,40.655557,-73.840954
92nd St,40.655689,-73.840036
202nd Street,40.712225,-73.758246
203rd Street,40.753316,-73.777397
50th Street,40.7616618,-73.9838968
51st Street,40.7571102,-73.9719555
E 9th St,40.7301947,-73.9896197
E 10th St,40.7248342,-73.9750636
189th Street,40.7510187,-73.7904728
190th Street,40.8591154,-73.9341529
37th Avenue,40.7539451,-73.8605053
West 25th Street,40.7429982,-73.9890598
90th Street,40.6569584,-73.8422577
43rd Street,40.6503047,-74.00836
48th Street,40.63746,-73.9946401
55th Ave,40.726977,-73.90129
55th Dr,40.72648,-73.91465
19th Avenue,40.7808957,-73.8001321
20th Avenue,40.61741,-73.985026
5th Avenue,40.7647467,-73.9726829
6th Avenue,40.7346839,-73.998787
West 12th Street,40.5747728,-73.9796628
West 13th Street,40.5981278,-73.98451
66th Street,40.7249332,-73.8985833
67th Street,40.6356391,-74.0202598
West 47th Street,40.7627568,-73.9930479
138th Place,40.697479,-73.8115358
West 122nd Street,40.8122569,-73.9621024
West 123rd Street,40.8112717,-73.957805
West 148th Street,40.8272148,-73.9463406
West 149th Street,40.8278385,-73.9458728
Farragut Rd,40.637394,-73.92986
Glenwood Rd,40.6321123,-73.964598
Arbutus Avenue,40.5312913,-74.1841164
Rose Lane,40.533145,-74.186983
Dale Avenue,40.572812,-74.123884
Bishop Street,40.573409,-74.126811
Preston Avenue,40.5368399,-74.161697
Bamberger Lane,40.5412635,-74.1669787
West 118th Street,40.8076281,-73.9589165
West 119th Street,40.808465,-73.9589518
West 147th Street,40.8282447,-73.9507349
Berry Avenue,40.5606398,-74.1747787
Watkins Avenue,40.5598808,-74.1749312
144th Place,40.7863014,-73.8231832
Stafford Ave,40.5391848,-74.2090074
Sinclair Ave,40.5432988,-74.1915175
Carlyle Green,40.55531245,-74.1984995
Krissa Court,40.5565008,-74.1999833
Sharrotts Road,40.5371711,-74.2238646
Winant Lane,40.5373576,-74.2380409
97th Street,40.676825,-73.8403214
98th Street,40.7448714,-73.8649346
Crescent Street,40.6833496,-73.873286
East 37th Street,40.6389257,-73.9415224
East 48th Street,40.6421109,-73.931309
East 15th Street,40.627648,-73.961857
Buckingham Road,40.6474956,-73.9647015
East 45th Street,40.6534155,-73.9354065
East 46th Street,40.6309014,-73.9320525
East 16th Street,40.5873782,-73.9532845
Coney Island Avenue,40.6292549,-73.9660229
West 10th Street,40.7346707,-74.0000922
West 9th Street,40.60316,-73.981679
East 56th Street,40.6478985,-73.9241338
East 71st Street,40.6166869,-73.9039399
Pompey Ave,40.544223,-74.173112
Drumgoole Rd E,40.5283932,-74.214822
11th Avenue,40.7444306,-74.0084954
12th Avenue,40.7696577,-73.9946275
18th Avenue,40.620671,-73.990414
Wave St,40.6297933,-74.077923
Bay Plaza Boulevard,40.8670077,-73.8306367
Briggs Avenue,40.8690192,-73.8891707
Bay 22nd Street,40.600967,-74.0044113
Clay Pit Road,40.5398633,-74.2215751
Woodrow Road,40.5416162,-74.2097325
Holden Boulevard,40.6043093,-74.125676
Queen Street,40.6029,-74.126355
Suffolk Avenue,40.6042362,-74.1280044
Livingston Avenue,40.8951185,-73.9017755
55th Street,40.6315301,-73.9954466
56th Street,40.628446,-73.991794
West 242nd Street,40.8894734,-73.8983527
West 260th Street,40.908286,-73.902734
West 261st Street,40.9123519,-73.9092604
East 152nd Street,40.8152345,-73.9043382
East 153rd Street,40.8180575,-73.9133408
Bouck Avenue,40.8666055,-73.850033
East 177th Street,40.8363101,-73.874253
Clover Road,40.7185399,-73.7696735
East 18th Street,40.7378413,-73.9902254
W 179th St,40.8553743,-73.9167727
W Fordham Rd,40.8627548,-73.9047707
Doughty Blvd,40.6104288,-73.7440593
Virginia St,40.605927,-73.742213
West 61st Street,40.7713667,-73.9859786
West 62nd Street,40.7741833,-73.9907183
East 94th Street,40.6388972,-73.8994763
East 95th Street,40.7844691,-73.9496928
Narrows Road North,40.6068288,-74.0768266
Staten Island Expressway,40.6094422,-74.149849
67th St,40.6356391,-74.0202598
165th Avenue,40.6491463,-73.8372764
East 6th Rd,40.6091393,-73.8177633
Crotona Park North,40.8431968,-73.8960496
West 183rd Street,40.8602918,-73.9094786
University Avenue,40.8494055,-73.9168251
Jackson Avenue,40.816519,-73.90778
Thomson Avenue,40.745835,-73.9403233
West Kingsbridge Road,40.8680002,-73.8998451
St Ann's Avenue,40.806116,-73.917964
Walton Avenue,40.838948,-73.916429
E Mosholu Pkwy S,40.8703885,-73.8819836
Matilda Avenue,40.900851,-73.854878
Creston Avenue,40.8641451,-73.8971816
Cooke Ct,40.6809296,-73.9040256
3rd Ave Bridge,40.807164,-73.9336906
East 144th Street,40.8112002,-73.9154718
East 29th Street,40.7419255,-73.9788185
East 108th Street,40.651881,-73.895861
East 78th Street,40.637847,-73.918436
East 79th Street,40.7713454,-73.9503085
Onderdonk Avenue,40.7121174,-73.9209802
Eunice Pl,40.624128,-74.152791
Ramona Avenue,40.534803,-74.215755
Rathbun Avenue,40.5398752,-74.1956354
115th Avenue,40.688989,-73.780635
115th Road,40.6867429,-73.7876149
Horace Harding Expy,40.7640399,-73.7228105
73rd Avenue,40.751646,-73.7162344
204th Street,40.765087,-73.782867
West 124th Street,40.8070675,-73.9459054
West 173rd Street,40.8446216,-73.9386543
West 172nd Street,40.8436964,-73.9201184
Fahy Avenue,40.616953,-74.1632167
East 188th Street,40.8603204,-73.8941311
East 184th Street,40.8574678,-73.8956981
East 187th Street,40.858386,-73.892993
East 156th Street,40.8234586,-73.9244028
Jay St,40.6959531,-73.9871125
Harrison St,40.7189393,-74.0114591
East 174th Street,40.8447476,-73.9117036
84th Avenue,40.7047189,-73.8315353
Skillman Ave,40.746185,-73.9337049
King Street,40.538426,-74.152493
Horatio Street,40.738756,-74.0037878
Sheldon Avenue,40.5480112,-74.1836371
Rensselaer Avenue,40.5405424,-74.1959295
Dole Street,40.5271772,-74.1726884
Poillon Avenue,40.5368532,-74.1795958
Woodhull Avenue,40.7111124,-73.7661346
197th Street,40.713726,-73.7627349
198th Street,40.748241,-73.78016
Goble Place,40.843822,-73.916556
137th Street,40.7862331,-73.8318661
138th Street,40.7042794,-73.8165283
62nd Drive,40.7311725,-73.8644193
East 91st Street,40.635812,-73.899726
West 11th Street,40.5950444,-73.9820286
Cleveland Place,40.72154,-73.9973627
East 4th Street,40.7252627,-73.987197
Astor Place,40.7299157,-73.990821
East 99th Street,40.7871867,-73.9480628
East 120th Street,40.8015168,-73.940548
East 121st Street,40.8016209,-73.9388271
139th Street,40.7128024,-73.8197412
140th Street,40.7863694,-73.8291394
199th Street,40.7087151,-73.759666
Amber Street,40.6698686,-73.8581288
79th Street,40.7838618,-73.9799918
Sapphire Street,40.6705284,-73.8573295
East 38th Street,40.6299288,-73.9396193
Bristol Avenue,40.6117798,-74.1095152
61st Avenue,40.756993,-73.729654
Grand Central Parkway,40.7727092,-73.9205493
Cromwell Avenue,40.840876,-73.919783
East 75th Street,40.7737832,-73.9641253
Hoover Ave,40.7119475,-73.8255864
82nd Drive,40.7130973,-73.8217099
63rd Avenue,40.755989,-73.72723
West 120th Street,40.8113373,-73.9639549
Lincoln Street,40.6836451,-73.8074612
Croak Avenue,40.60323,-74.11787
60th Avenue,40.7580505,-73.7310735
56th Drive,40.6088285,-73.9138999
56th Avenue,40.7429067,-73.7945458
111th Avenue,40.6962859,-73.7770912
111th Road,40.6939339,-73.7807149
Farmers Blvd,40.7034096,-73.7666687
West 121st Street,40.8111277,-73.9613798
East 173rd Street,40.842618,-73.902168
Concourse Village,40.82386815,-73.92118091
52nd Street,40.6467111,-74.0160011
53rd Street,40.645069,-74.014034
Delmonico Pl,40.698234,-73.9450667
Shore Rd,40.8628017,-73.8152959
7th Avenue,40.7509212,-73.9906766
Cropsey Avenue,40.600628,-74.003602
Greenleaf Avenue,40.627991,-74.1269026
East 170th Street,40.8388117,-73.9137138
2nd Street,40.6360513,-73.7409409
3rd Street,40.5747037,-74.1186046
East 233rd Street,40.8943484,-73.8603418
East Kingsbridge Road,40.8655936,-73.8937336
59th St,40.641362,-74.017881
59th Pl,40.715537,-73.907244
60th Pl,40.7088888,-73.9017762
57th Ave,40.763621,-73.721919
Woodhaven Blvd,40.7332625,-73.8697005
62nd Ave,40.7413372,-73.828088
Jackson Ave,40.816519,-73.90778
78th Avenue,40.7503761,-73.7032963
80th Rd,40.711872,-73.8331012
Stillwell Pl,40.6350366,-73.9028403
Yukon Avenue,40.5741893,-74.1638395
Independence Avenue,40.5737017,-74.168038
Edinboro Road,40.575735,-74.144957
Hillman Avenue,40.612573,-74.160427
Akron Street,40.6111835,-74.1572979
Wright Avenue,40.8806472,-73.8331952
Emeric Court,40.6367517,-74.1500654
East 150th Street,40.8172443,-73.9193329
East 151st Street,40.8219579,-73.9281025
West 238th Street,40.8890256,-73.9123895
West 239th Street,40.8894946,-73.9090267
West 101st Street,40.7949066,-73.9624892
147th Street,40.7746184,-73.819653
149th Street,40.7880995,-73.8160487
Cross Bronx Expy,40.8452848,-73.9279511
Beach 6th Street,40.5955565,-73.7410999
Beach 9th Street,40.6070404,-73.746346
East 175th Street,40.8465403,-73.9096388
East 163rd Street,40.8210154,-73.8903968
Bronx Park Road,40.8547626,-73.877471
Jennings St,40.831502,-73.888081
E 172nd St,40.840197,-73.910094
E 156th St,40.8234586,-73.9244028
E 157th St,40.8201899,-73.9115345
W 146th St,40.825901,-73.9471053
W 147th St,40.8282447,-73.9507349
West 176th Street,40.8497795,-73.9201922
West 175th Street,40.8479967,-73.9146016
28th Avenue,40.7720901,-73.7922049
East 168th Street,40.8318734,-73.9083528
189th St,40.7510187,-73.7904728
190th St,40.8591154,-73.9341529
39th Avenue,40.7526866,-73.9329357
Bond Street,40.7265917,-73.9940313
141st Street,40.7143767,-73.8181588
195th Street,40.710679,-73.764556
196th Street,40.7131606,-73.7640094
Gordon Street,40.6249571,-74.082533
Highland Park Greenway,40.6911018,-73.884668
Marx Street,40.6131121,-74.1098148
Dinsmore Street,40.6042894,-74.1701652
Signs Road,40.6021819,-74.1683335
Orio J. Palmer Way,40.897304,-73.863415
East Gun Hill Rd,40.8640107,-73.8339775
West 98th Street,40.7960465,-73.971038
West Mosholu Parkway North,40.881968,-73.884692
Burr Avenue,40.8547363,-73.8279943
East 167th Street,40.8263976,-73.8989844
East 215th Street,40.8770727,-73.8525587
East 216th Street,40.877855,-73.85261
Seneca Loop,40.6052288,-74.1464988
Collfield Avenue,40.6166363,-74.1432599
97th Avenue,40.716973,-73.7373645
101st Avenue,40.6793904,-73.8632679
79th Avenue,40.747034,-73.709971
74th Avenue,40.7522485,-73.7124011
Delmar Avenue,40.53825,-74.1891158
