ID,SegmentID,Roadway Name,From,To,Direction,Date,12:00-1:00 AM,1:00-2:00AM,2:00-3:00AM,3:00-4:00AM,4:00-5:00AM,5:00-6:00AM,6:00-7:00AM,7:00-8:00AM,8:00-9:00AM,9:00-10:00AM,10:00-11:00AM,11:00-12:00PM,12:00-1:00PM,1:00-2:00PM,2:00-3:00PM,3:00-4:00PM,4:00-5:00PM,5:00-6:00PM,6:00-7:00PM,7:00-8:00PM,8:00-9:00PM,9:00-10:00PM,10:00-11:00PM,11:00-12:00AM,day
5,33758,10TH AVENUE,West 45th Street,West 46th Street,NB,2020-10-11,755.0,621.0,404.0,315.0,220.0,258.0,408.0,495.0,482.0,638.0,785.0,983.0,1145.0,1213.0,1465.0,1456.0,1584.0,1593.0,1411.0,1314.0,1188.0,931.0,695.0,551.0,2020-10-11
6,57189,101 AVENUE,Waltham Street,146th Street,WB,2020-10-11,53.0,44.0,34.0,19.0,23.0,26.0,42.0,68.0,94.0,107.0,118.0,147.0,145.0,177.0,180.0,193.0,172.0,160.0,158.0,125.0,94.0,72.0,60.0,57.0,2020-10-11
8,82326,108 STREET,62nd Avenue,Apex Place,NB,2020-10-11,47.0,16.0,6.0,17.0,14.0,13.0,27.0,41.0,82.0,151.0,164.0,156.0,199.0,190.0,174.0,147.0,176.0,174.0,136.0,137.0,103.0,57.0,51.0,46.0,2020-10-11
8,82326,108 STREET,62nd Avenue,Apex Place,SB,2020-10-11,189.0,121.0,72.0,47.0,63.0,58.0,93.0,111.0,185.0,284.0,326.0,389.0,483.0,483.0,477.0,489.0,506.0,521.0,490.0,505.0,415.0,320.0,236.0,200.0,2020-10-11
12,63023,120 AVENUE,191th Street,192th Street,EB,2020-10-11,91.0,91.0,61.0,31.0,38.0,32.0,54.0,74.0,123.0,146.0,220.0,233.0,261.0,274.0,270.0,292.0,275.0,265.0,280.0,253.0,180.0,156.0,151.0,134.0,2020-10-11
12,63023,120 AVENUE,191th Street,192th Street,WB,2020-10-11,90.0,71.0,37.0,36.0,29.0,18.0,40.0,70.0,106.0,123.0,158.0,158.0,188.0,202.0,205.0,218.0,236.0,211.0,195.0,198.0,138.0,121.0,92.0,93.0,2020-10-11
14,19653,13th AVENUE,71st Street,72nd Street,EB,2020-10-11,40.0,38.0,12.0,9.0,8.0,21.0,26.0,50.0,87.0,91.0,130.0,123.0,172.0,174.0,151.0,131.0,127.0,134.0,132.0,94.0,112.0,82.0,77.0,35.0,2020-10-11
14,19653,13th AVENUE,71st Street,72nd Street,WB,2020-10-11,43.0,35.0,19.0,15.0,11.0,22.0,32.0,73.0,85.0,129.0,138.0,172.0,202.0,191.0,169.0,201.0,169.0,163.0,144.0,137.0,128.0,114.0,81.0,49.0,2020-10-11
15,19762,14th AVENUE,71st Street,72nd Street,NB,2020-10-11,58.0,33.0,24.0,21.0,10.0,20.0,39.0,75.0,98.0,126.0,173.0,195.0,198.0,194.0,186.0,177.0,186.0,173.0,170.0,143.0,112.0,93.0,92.0,59.0,2020-10-11
15,19762,14th AVENUE,71st Street,72nd Street,SB,2020-10-11,50.0,38.0,20.0,18.0,10.0,22.0,46.0,65.0,105.0,110.0,163.0,166.0,172.0,182.0,166.0,143.0,168.0,170.0,171.0,175.0,110.0,101.0,74.0,52.0,2020-10-11
21,21018,3rd AVENUE,30th Street,31st Street,SB,2020-10-11,120.0,56.0,70.0,33.0,51.0,62.0,66.0,103.0,209.0,346.0,518.0,743.0,823.0,1071.0,1339.0,1115.0,865.0,670.0,473.0,360.0,257.0,220.0,182.0,161.0,2020-10-11
21,21022,3rd AVENUE,30th Street,31st Street,NB,2020-10-11,230.0,141.0,121.0,99.0,69.0,138.0,234.0,348.0,438.0,647.0,802.0,929.0,973.0,1100.0,1194.0,1057.0,1073.0,917.0,727.0,538.0,400.0,361.0,277.0,198.0,2020-10-11
22,22806,3rd AVENUE,Baltic Street,Butler Street,NB,2020-10-11,43.0,49.0,32.0,27.0,40.0,24.0,59.0,41.0,82.0,149.0,213.0,247.0,359.0,377.0,375.0,413.0,402.0,362.0,279.0,195.0,143.0,96.0,62.0,41.0,2020-10-11
22,22806,3rd AVENUE,Baltic Street,Butler Street,SB,2020-10-11,87.0,82.0,31.0,34.0,47.0,16.0,31.0,29.0,76.0,114.0,143.0,216.0,202.0,207.0,257.0,224.0,271.0,231.0,197.0,176.0,174.0,176.0,97.0,68.0,2020-10-11
44,133942,65th Street,5th Avenue,6th Avenue,EB,2020-10-11,91.0,56.0,37.0,27.0,12.0,25.0,43.0,64.0,97.0,131.0,170.0,196.0,206.0,205.0,249.0,246.0,241.0,242.0,206.0,176.0,138.0,118.0,90.0,81.0,2020-10-11
44,133942,65th Street,5th Avenue,6th Avenue,WB,2020-10-11,120.0,73.0,53.0,59.0,58.0,58.0,96.0,174.0,217.0,311.0,362.0,332.0,348.0,389.0,398.0,337.0,316.0,311.0,252.0,225.0,194.0,164.0,135.0,100.0,2020-10-11
50,33850,9TH AVENUE,West 46th Street,West 47th Street,SB,2020-10-11,647.0,446.0,342.0,282.0,198.0,138.0,197.0,269.0,390.0,404.0,553.0,655.0,699.0,695.0,710.0,792.0,849.0,843.0,684.0,684.0,605.0,608.0,477.0,346.0,2020-10-11
70,9003670,ASTOR AVENUE,Wallace Avenue,Barnes Avenue,EB,2020-10-11,60.0,53.0,42.0,34.0,21.0,27.0,26.0,21.0,62.0,63.0,98.0,108.0,85.0,120.0,132.0,134.0,124.0,130.0,126.0,105.0,104.0,98.0,58.0,68.0,2020-10-11
70,9003670,ASTOR AVENUE,Wallace Avenue,Barnes Avenue,WB,2020-10-11,49.0,28.0,15.0,26.0,15.0,13.0,28.0,42.0,66.0,75.0,120.0,131.0,117.0,148.0,157.0,130.0,136.0,109.0,69.0,102.0,94.0,64.0,70.0,40.0,2020-10-11
72,157870,ATLANTIC AVENUE,Crescent Street,Autumn Avenue,EB,2020-10-11,253.0,239.0,207.0,157.0,133.0,85.0,90.0,174.0,222.0,252.0,317.0,433.0,539.0,548.0,492.0,533.0,552.0,583.0,532.0,469.0,427.0,401.0,248.0,257.0,2020-10-11
72,158264,ATLANTIC AVENUE,Hemlock Street,Autumn Avenue,WB,2020-10-11,316.0,269.0,209.0,157.0,142.0,130.0,126.0,220.0,348.0,359.0,457.0,528.0,605.0,610.0,582.0,746.0,689.0,675.0,603.0,622.0,518.0,381.0,345.0,307.0,2020-10-11
74,41720,AVENUE D,Brooklyn Avenue,East 37th Street,EB,2020-10-11,144.0,101.0,88.0,41.0,53.0,49.0,96.0,105.0,146.0,171.0,194.0,204.0,190.0,227.0,265.0,257.0,256.0,243.0,214.0,212.0,187.0,149.0,123.0,106.0,2020-10-11
74,41720,AVENUE D,Brooklyn Avenue,East 37th Street,WB,2020-10-11,95.0,84.0,71.0,42.0,43.0,36.0,82.0,95.0,103.0,135.0,175.0,171.0,151.0,205.0,210.0,228.0,208.0,207.0,208.0,157.0,136.0,108.0,95.0,75.0,2020-10-11
75,41040,AVENUE J,Schenectady Avenue,East 48th Street,EB,2020-10-11,58.0,42.0,22.0,24.0,17.0,15.0,21.0,53.0,70.0,83.0,100.0,112.0,136.0,166.0,170.0,157.0,159.0,134.0,124.0,109.0,111.0,72.0,67.0,56.0,2020-10-11
75,41040,AVENUE J,Schenectady Avenue,East 48th Street,WB,2020-10-11,52.0,30.0,19.0,17.0,12.0,20.0,42.0,54.0,85.0,91.0,137.0,137.0,141.0,153.0,152.0,146.0,154.0,143.0,143.0,145.0,96.0,84.0,60.0,49.0,2020-10-11
76,27139,AVENUE M,East 15th Street,Buckingham Road,EB,2020-10-11,61.0,39.0,37.0,22.0,19.0,14.0,17.0,29.0,60.0,62.0,67.0,96.0,97.0,108.0,100.0,119.0,110.0,111.0,104.0,129.0,193.0,217.0,154.0,133.0,2020-10-11
76,27139,AVENUE M,East 15th Street,Buckingham Road,WB,2020-10-11,51.0,26.0,20.0,13.0,9.0,17.0,24.0,51.0,52.0,68.0,85.0,103.0,105.0,105.0,107.0,113.0,93.0,97.0,102.0,113.0,175.0,130.0,130.0,83.0,2020-10-11
77,41000,AVENUE M,East 45th Street,East 46th Street,WB,2020-10-11,42.0,33.0,21.0,14.0,11.0,26.0,35.0,49.0,48.0,79.0,88.0,116.0,123.0,114.0,144.0,123.0,126.0,141.0,144.0,91.0,86.0,64.0,52.0,42.0,2020-10-11
78,27121,AVENUE N,Brington Line,East 16th Street,EB,2020-10-11,128.0,89.0,60.0,37.0,38.0,37.0,50.0,74.0,117.0,114.0,166.0,226.0,254.0,279.0,288.0,325.0,338.0,365.0,318.0,411.0,401.0,369.0,306.0,245.0,2020-10-11
80,34188,6TH AVENUE,West 45th Street,West 46th Street,NB,2020-10-11,662.0,513.0,507.0,335.0,250.0,183.0,259.0,314.0,375.0,464.0,710.0,784.0,917.0,997.0,1072.0,1084.0,1059.0,1134.0,1015.0,973.0,976.0,849.0,691.0,596.0,2020-10-11
83,20337,AVENUE P,West 10th Street,West 9th Street,EB,2020-10-11,62.0,55.0,29.0,21.0,23.0,16.0,24.0,66.0,92.0,114.0,120.0,167.0,195.0,211.0,205.0,201.0,178.0,205.0,182.0,169.0,163.0,162.0,109.0,74.0,2020-10-11
83,20337,AVENUE P,West 10th Street,West 9th Street,WB,2020-10-11,78.0,65.0,35.0,24.0,19.0,22.0,28.0,69.0,125.0,181.0,220.0,262.0,282.0,289.0,268.0,280.0,318.0,298.0,272.0,211.0,194.0,170.0,137.0,80.0,2020-10-11
84,41312,AVENUE U,East 56th Street,Pearson Street,EB,2020-10-11,173.0,129.0,69.0,56.0,39.0,54.0,109.0,156.0,264.0,310.0,421.0,515.0,611.0,630.0,635.0,684.0,603.0,614.0,610.0,504.0,456.0,308.0,274.0,191.0,2020-10-11
84,41312,AVENUE U,East 56th Street,Pearson Street,WB,2020-10-11,141.0,110.0,71.0,26.0,37.0,65.0,112.0,184.0,306.0,435.0,525.0,674.0,673.0,714.0,675.0,645.0,667.0,573.0,528.0,466.0,395.0,288.0,197.0,141.0,2020-10-11
85,41667,AVENUE U,East 71st Street,Veterans Avenue,EB,2020-10-11,37.0,30.0,21.0,17.0,8.0,11.0,17.0,24.0,53.0,88.0,99.0,127.0,152.0,146.0,156.0,167.0,140.0,130.0,120.0,99.0,90.0,74.0,56.0,44.0,2020-10-11
85,41667,AVENUE U,East 71st Street,Veterans Avenue,WB,2020-10-11,20.0,21.0,11.0,11.0,6.0,14.0,20.0,33.0,62.0,93.0,82.0,118.0,110.0,111.0,90.0,111.0,103.0,77.0,81.0,96.0,82.0,55.0,29.0,28.0,2020-10-11
87,19550,BAY RIDGE AVENUE,11th Avenue,12th Avenue,EB,2020-10-11,43.0,27.0,14.0,8.0,10.0,18.0,15.0,32.0,39.0,82.0,127.0,129.0,134.0,140.0,147.0,153.0,146.0,146.0,133.0,118.0,81.0,86.0,49.0,45.0,2020-10-11
87,19550,BAY RIDGE AVENUE,11th Avenue,12th Avenue,WB,2020-10-11,11.0,5.0,2.0,3.0,2.0,10.0,7.0,9.0,16.0,31.0,37.0,25.0,45.0,33.0,29.0,24.0,29.0,24.0,24.0,26.0,25.0,16.0,14.0,9.0,2020-10-11
88,20149,BAY RIDGE AVENUE,18th Avenue,19th Avenue,EB,2020-10-11,40.0,22.0,11.0,7.0,8.0,7.0,10.0,36.0,72.0,92.0,103.0,132.0,145.0,116.0,124.0,133.0,107.0,101.0,111.0,79.0,67.0,53.0,43.0,30.0,2020-10-11
91,132816,BAYCHESTER AVENUE,Bay Plaza Boulevard,Hutchinson River Parkway,NB,2020-10-11,16.0,14.0,22.0,7.0,11.0,15.0,24.0,46.0,61.0,74.0,136.0,176.0,202.0,248.0,215.0,257.0,249.0,218.0,147.0,101.0,79.0,53.0,37.0,33.0,2020-10-11
92,254353,BEDFORD AVENUE,Lorimer Street,Union Avenue,EB,2020-10-11,136.0,95.0,58.0,38.0,30.0,22.0,29.0,60.0,87.0,127.0,164.0,200.0,262.0,237.0,269.0,297.0,270.0,297.0,281.0,303.0,242.0,183.0,120.0,111.0,2020-10-11
93,27462,BEDFORD AVENUE,Quentin Road,Avenue R,NB,2020-10-11,38.0,25.0,13.0,11.0,11.0,19.0,33.0,59.0,54.0,62.0,109.0,145.0,159.0,155.0,175.0,136.0,167.0,132.0,132.0,129.0,131.0,102.0,80.0,50.0,2020-10-11
93,27462,BEDFORD AVENUE,Quentin Road,Avenue R,SB,2020-10-11,81.0,70.0,41.0,24.0,24.0,37.0,39.0,78.0,112.0,133.0,151.0,198.0,224.0,260.0,243.0,246.0,235.0,196.0,183.0,243.0,207.0,192.0,148.0,118.0,2020-10-11
94,176365,BEDFORD PARK BOULEVARD,Grand Concourse,Briggs Avenue,NB,2020-10-11,83.0,54.0,39.0,48.0,40.0,37.0,56.0,57.0,92.0,123.0,127.0,155.0,208.0,230.0,226.0,231.0,215.0,219.0,184.0,166.0,144.0,109.0,100.0,89.0,2020-10-11
94,176365,BEDFORD PARK BOULEVARD,Grand Concourse,Briggs Avenue,SB,2020-10-11,103.0,78.0,48.0,55.0,45.0,50.0,57.0,61.0,93.0,109.0,146.0,168.0,201.0,185.0,182.0,217.0,217.0,200.0,217.0,227.0,143.0,126.0,106.0,113.0,2020-10-11
94,154787,BEDFORD PARK BOULEVARD,Grand Concourse,Briggs Avenue,NB,2020-10-11,151.0,127.0,65.0,57.0,60.0,59.0,53.0,96.0,131.0,142.0,169.0,167.0,228.0,243.0,243.0,273.0,289.0,288.0,270.0,253.0,168.0,188.0,131.0,117.0,2020-10-11
94,154501,BEDFORD PARK BOULEVARD,Grand Concourse,Briggs Avenue,SB,2020-10-11,143.0,92.0,65.0,59.0,56.0,38.0,47.0,89.0,94.0,117.0,130.0,160.0,154.0,197.0,193.0,273.0,238.0,236.0,307.0,215.0,188.0,176.0,117.0,84.0,2020-10-11
95,148978,BELL BOULEVARD,67th Avenue,67th Avenue,NB,2020-10-11,19.0,5.0,6.0,8.0,2.0,3.0,23.0,30.0,73.0,100.0,116.0,131.0,137.0,161.0,117.0,107.0,129.0,130.0,113.0,77.0,42.0,33.0,33.0,10.0,2020-10-11
95,148980,BELL BOULEVARD,67th Avenue,67th Avenue,SB,2020-10-11,25.0,17.0,5.0,5.0,3.0,6.0,12.0,22.0,64.0,80.0,81.0,138.0,141.0,161.0,146.0,137.0,118.0,121.0,97.0,88.0,62.0,47.0,22.0,23.0,2020-10-11
100,8152,BRIELLE AVENUE,Suffolk Avenue,Livingston Avenue,EB,2020-10-11,28.0,18.0,9.0,6.0,3.0,8.0,22.0,34.0,38.0,77.0,106.0,110.0,120.0,131.0,158.0,165.0,129.0,139.0,104.0,82.0,49.0,45.0,38.0,31.0,2020-10-11
100,8152,BRIELLE AVENUE,Suffolk Avenue,Livingston Avenue,WB,2020-10-11,30.0,16.0,5.0,9.0,6.0,12.0,24.0,41.0,47.0,89.0,101.0,122.0,150.0,155.0,164.0,126.0,105.0,93.0,69.0,67.0,45.0,38.0,31.0,24.0,2020-10-11
102,147673,BROADWAY,Van Cortlandt Park South,West 242nd Street,SB,2020-10-11,104.0,100.0,72.0,61.0,38.0,58.0,77.0,116.0,169.0,273.0,297.0,320.0,395.0,370.0,386.0,366.0,376.0,327.0,319.0,278.0,210.0,167.0,134.0,102.0,2020-10-11
102,255653,BROADWAY,Broadway/ 7 Avenue Line,Broadway/ 7 Avenue Line,SB,2020-10-11,43.0,41.0,20.0,18.0,22.0,24.0,39.0,58.0,70.0,113.0,102.0,124.0,144.0,133.0,159.0,144.0,134.0,141.0,126.0,97.0,94.0,81.0,72.0,49.0,2020-10-11
102,158447,BROADWAY,West 242nd Street,Van Cortlandt Park South,NB,2020-10-11,184.0,125.0,86.0,77.0,59.0,84.0,113.0,170.0,249.0,319.0,385.0,413.0,493.0,517.0,579.0,536.0,560.0,503.0,470.0,388.0,356.0,288.0,255.0,195.0,2020-10-11
109,221955,BROADWAY,West 260th Street,West 261st Street,NB,2020-10-11,344.0,234.0,180.0,134.0,103.0,94.0,134.0,155.0,182.0,255.0,315.0,417.0,422.0,494.0,512.0,537.0,554.0,496.0,520.0,518.0,413.0,399.0,356.0,353.0,2020-10-11
109,221955,BROADWAY,West 260th Street,West 261st Street,SB,2020-10-11,209.0,178.0,132.0,150.0,103.0,92.0,164.0,222.0,244.0,341.0,356.0,475.0,479.0,450.0,582.0,539.0,481.0,433.0,441.0,395.0,332.0,265.0,266.0,220.0,2020-10-11
110,87808,BRONXWOOD AVENUE,Mace Avenue,Allerton Avenue,NB,2020-10-11,29.0,13.0,12.0,9.0,7.0,4.0,12.0,20.0,44.0,41.0,85.0,75.0,96.0,106.0,85.0,80.0,71.0,72.0,59.0,65.0,53.0,26.0,32.0,31.0,2020-10-11
110,87808,BRONXWOOD AVENUE,Mace Avenue,Allerton Avenue,SB,2020-10-11,27.0,14.0,9.0,9.0,4.0,3.0,11.0,25.0,37.0,43.0,61.0,67.0,93.0,82.0,82.0,67.0,70.0,81.0,65.0,71.0,70.0,52.0,43.0,32.0,2020-10-11
111,70364,BROOK AVENUE,East 152nd Street,East 153rd Street,SB,2020-10-11,104.0,46.0,58.0,42.0,30.0,35.0,44.0,67.0,85.0,97.0,134.0,140.0,169.0,218.0,220.0,201.0,183.0,164.0,168.0,114.0,107.0,78.0,92.0,67.0,2020-10-11
112,9003976,BURKE AVENUE,Yates Avenue,Bouck Avenue,EB,2020-10-11,83.0,68.0,35.0,34.0,22.0,30.0,36.0,63.0,61.0,139.0,158.0,184.0,173.0,192.0,226.0,244.0,237.0,195.0,200.0,183.0,131.0,101.0,79.0,73.0,2020-10-11
112,9003976,BURKE AVENUE,Yates Avenue,Bouck Avenue,WB,2020-10-11,57.0,29.0,39.0,18.0,20.0,25.0,29.0,40.0,61.0,94.0,123.0,139.0,166.0,160.0,208.0,192.0,152.0,166.0,172.0,136.0,96.0,83.0,75.0,54.0,2020-10-11
113,47359,BUSHWICK AVENUE,Cemetery Of Evergrns Boundary,Highland Boulevard,EB,2020-10-11,647.0,521.0,362.0,290.0,259.0,267.0,330.0,476.0,552.0,635.0,810.0,933.0,1037.0,1067.0,1037.0,1090.0,1075.0,928.0,976.0,905.0,845.0,715.0,653.0,560.0,2020-10-11
113,47359,BUSHWICK AVENUE,Cemetery Of Evergrns Boundary,Highland Boulevard,WB,2020-10-11,630.0,510.0,428.0,336.0,210.0,247.0,366.0,490.0,581.0,717.0,825.0,899.0,945.0,1022.0,1175.0,1126.0,1093.0,1079.0,1090.0,1036.0,845.0,786.0,686.0,576.0,2020-10-11
114,9002977,CALHOUN AVENUE,East 177th Street,Dewey Avenue,NB,2020-10-11,7.0,5.0,8.0,2.0,1.0,2.0,6.0,6.0,0.0,7.0,16.0,11.0,10.0,14.0,15.0,12.0,39.0,14.0,32.0,31.0,17.0,10.0,5.0,2.0,2020-10-11
114,9002977,CALHOUN AVENUE,East 177th Street,Dewey Avenue,SB,2020-10-11,46.0,32.0,27.0,18.0,13.0,8.0,14.0,21.0,25.0,35.0,54.0,59.0,56.0,86.0,88.0,83.0,72.0,85.0,78.0,69.0,58.0,72.0,45.0,27.0,2020-10-11
116,28234,CATON AVENUE,East 18th Street,St Pauls Place,EB,2020-10-11,179.0,121.0,94.0,52.0,58.0,63.0,93.0,172.0,156.0,198.0,189.0,261.0,279.0,285.0,295.0,334.0,340.0,329.0,292.0,273.0,266.0,196.0,173.0,190.0,2020-10-11
116,28234,CATON AVENUE,East 18th Street,St Pauls Place,WB,2020-10-11,115.0,87.0,65.0,39.0,59.0,63.0,99.0,129.0,179.0,163.0,183.0,211.0,240.0,266.0,306.0,331.0,308.0,285.0,253.0,217.0,197.0,155.0,163.0,125.0,2020-10-11
125,160467,CLOVE ROAD,Narrows Road North,Staten Island Expressway,NB,2020-10-11,190.0,74.0,101.0,41.0,44.0,57.0,124.0,149.0,200.0,254.0,292.0,375.0,549.0,564.0,604.0,548.0,607.0,488.0,523.0,399.0,379.0,307.0,280.0,203.0,2020-10-11
125,160467,CLOVE ROAD,Narrows Road North,Staten Island Expressway,SB,2020-10-11,211.0,125.0,92.0,90.0,73.0,124.0,179.0,231.0,297.0,384.0,447.0,434.0,459.0,506.0,513.0,507.0,496.0,511.0,484.0,392.0,389.0,277.0,272.0,221.0,2020-10-11
127,28015,CONEY ISLAND AVENUE,Friel Place,Church Avenue,NB,2020-10-11,81.0,51.0,46.0,29.0,33.0,49.0,88.0,148.0,209.0,249.0,263.0,306.0,284.0,329.0,332.0,333.0,289.0,264.0,206.0,187.0,166.0,144.0,121.0,101.0,2020-10-11
127,28015,CONEY ISLAND AVENUE,Friel Place,Church Avenue,SB,2020-10-11,151.0,94.0,67.0,51.0,41.0,48.0,74.0,113.0,154.0,185.0,264.0,289.0,308.0,333.0,365.0,367.0,400.0,370.0,346.0,306.0,254.0,192.0,204.0,117.0,2020-10-11
128,26932,CONEY ISLAND AVENUE,Parkville Avenue,Foster Avenue,NB,2020-10-11,132.0,98.0,80.0,49.0,55.0,72.0,87.0,183.0,240.0,269.0,311.0,326.0,363.0,391.0,399.0,366.0,389.0,357.0,333.0,339.0,290.0,264.0,222.0,203.0,2020-10-11
128,26932,CONEY ISLAND AVENUE,Parkville Avenue,Foster Avenue,SB,2020-10-11,178.0,122.0,105.0,66.0,81.0,52.0,68.0,94.0,148.0,167.0,212.0,207.0,269.0,266.0,311.0,299.0,322.0,295.0,308.0,255.0,273.0,262.0,200.0,217.0,2020-10-11
129,217716,COURTLANDT AVENUE,East 153rd Street,East 154th Street,NB,2020-10-11,94.0,67.0,59.0,68.0,48.0,36.0,33.0,57.0,61.0,89.0,118.0,118.0,132.0,153.0,192.0,165.0,200.0,179.0,171.0,180.0,141.0,144.0,114.0,97.0,2020-10-11
131,150549,CROSS BAY BOULEVARD,165th Avenue,East 6th Rd,NB,2020-10-11,169.0,137.0,93.0,82.0,79.0,121.0,203.0,267.0,343.0,490.0,600.0,756.0,824.0,650.0,723.0,697.0,597.0,479.0,489.0,386.0,308.0,268.0,202.0,152.0,2020-10-11
132,121069,CROTONA AVENUE,Claremont Parkway,Crotona Park North,NB,2020-10-11,136.0,83.0,78.0,69.0,50.0,37.0,49.0,62.0,107.0,108.0,186.0,215.0,251.0,274.0,330.0,317.0,287.0,265.0,249.0,239.0,185.0,161.0,110.0,110.0,2020-10-11
132,121069,CROTONA AVENUE,Claremont Parkway,Crotona Park North,SB,2020-10-11,131.0,100.0,74.0,50.0,56.0,50.0,54.0,78.0,97.0,116.0,203.0,189.0,211.0,253.0,290.0,249.0,270.0,263.0,256.0,235.0,206.0,141.0,122.0,117.0,2020-10-11
136,35257,DRIGGS AVENUE,Lorimer Street,Union Avenue,WB,2020-10-11,122.0,74.0,47.0,40.0,23.0,17.0,41.0,54.0,76.0,126.0,148.0,214.0,249.0,277.0,261.0,303.0,287.0,336.0,333.0,275.0,215.0,165.0,81.0,71.0,2020-10-11
139,95624,DYRE AVENUE,Lustre Street,West Kingsbridge Road,NB,2020-10-11,82.0,44.0,33.0,34.0,15.0,13.0,23.0,59.0,70.0,98.0,130.0,141.0,148.0,157.0,151.0,169.0,184.0,163.0,144.0,145.0,111.0,96.0,76.0,57.0,2020-10-11
139,95624,DYRE AVENUE,Lustre Street,West Kingsbridge Road,SB,2020-10-11,79.0,62.0,52.0,27.0,28.0,26.0,50.0,87.0,102.0,139.0,159.0,181.0,190.0,206.0,214.0,203.0,181.0,199.0,193.0,173.0,152.0,100.0,113.0,72.0,2020-10-11
144,70360,EAST 149th STREET,Eagle Avenue,Cauldwell Avenue,EB,2020-10-11,299.0,178.0,131.0,148.0,105.0,76.0,105.0,124.0,201.0,187.0,255.0,298.0,375.0,419.0,402.0,525.0,496.0,466.0,425.0,371.0,292.0,234.0,225.0,176.0,2020-10-11
144,70360,EAST 149TH STREET,Eagle Avenue,Cauldwell Avenue,WB,2020-10-11,298.0,171.0,148.0,124.0,104.0,90.0,99.0,147.0,161.0,238.0,284.0,310.0,332.0,371.0,416.0,374.0,381.0,360.0,335.0,305.0,252.0,228.0,195.0,174.0,2020-10-11
146,70586,EAST 161st STREET,Eagle Avenue,Cauldwell Avenue,EB,2020-10-11,38.0,33.0,22.0,20.0,9.0,15.0,10.0,21.0,11.0,37.0,35.0,51.0,74.0,100.0,104.0,100.0,97.0,71.0,80.0,73.0,68.0,58.0,34.0,58.0,2020-10-11
147,70607,EAST 163rd STREET,Eagle Avenue,Cauldwell Avenue,EB,2020-10-11,328.0,280.0,204.0,135.0,149.0,99.0,106.0,133.0,208.0,245.0,294.0,354.0,407.0,436.0,495.0,537.0,515.0,530.0,476.0,483.0,442.0,376.0,324.0,251.0,2020-10-11
147,70607,EAST 163rd STREET,Eagle Avenue,Cauldwell Avenue,WB,2020-10-11,302.0,245.0,208.0,160.0,128.0,115.0,142.0,201.0,223.0,277.0,378.0,469.0,547.0,551.0,595.0,612.0,561.0,592.0,569.0,497.0,444.0,358.0,307.0,274.0,2020-10-11
148,77429,EAST 163rd STREET,Intervale Avenue,Kelly Street,EB,2020-10-11,349.0,330.0,204.0,148.0,131.0,109.0,123.0,186.0,244.0,276.0,366.0,434.0,460.0,533.0,515.0,583.0,542.0,528.0,506.0,500.0,390.0,409.0,320.0,267.0,2020-10-11
148,77429,EAST 163rd STREET,Intervale Avenue,Kelly Street,WB,2020-10-11,280.0,254.0,172.0,133.0,90.0,109.0,119.0,163.0,220.0,283.0,389.0,443.0,521.0,496.0,532.0,523.0,534.0,509.0,475.0,503.0,417.0,323.0,258.0,243.0,2020-10-11
149,9009765,EAST 169th STREET,Tinton Avenue,Union Avenue,EB,2020-10-11,126.0,112.0,70.0,58.0,39.0,37.0,48.0,63.0,76.0,94.0,91.0,122.0,112.0,151.0,167.0,153.0,127.0,134.0,124.0,135.0,174.0,139.0,84.0,82.0,2020-10-11
149,9009765,EAST 169th STREET,Tinton Avenue,Union Avenue,WB,2020-10-11,147.0,136.0,112.0,103.0,81.0,78.0,71.0,120.0,120.0,158.0,163.0,218.0,251.0,238.0,283.0,294.0,285.0,292.0,254.0,238.0,220.0,167.0,168.0,145.0,2020-10-11
150,174360,EAST 170th STREET,Grant Avenue,Walton Avenue,EB,2020-10-11,82.0,71.0,54.0,23.0,32.0,33.0,22.0,35.0,43.0,57.0,78.0,98.0,105.0,117.0,127.0,144.0,134.0,129.0,135.0,139.0,119.0,110.0,77.0,62.0,2020-10-11
150,174360,EAST 170th STREET,Grant Avenue,Morris Avenue,WB,2020-10-11,90.0,75.0,77.0,45.0,45.0,41.0,41.0,46.0,61.0,93.0,114.0,133.0,156.0,167.0,176.0,158.0,180.0,152.0,161.0,130.0,128.0,96.0,99.0,78.0,2020-10-11
150,146865,EAST 170th STREET,Grant Avenue,Morris Avenue,EB,2020-10-11,113.0,82.0,60.0,68.0,50.0,46.0,37.0,33.0,76.0,86.0,117.0,148.0,144.0,166.0,211.0,207.0,204.0,214.0,163.0,155.0,149.0,138.0,122.0,81.0,2020-10-11
150,146864,EAST 170th STREET,Grant Avenue,Morris Avenue,WB,2020-10-11,122.0,100.0,58.0,70.0,73.0,60.0,57.0,77.0,76.0,92.0,146.0,160.0,176.0,196.0,209.0,249.0,266.0,222.0,223.0,211.0,175.0,169.0,138.0,92.0,2020-10-11
151,78940,EAST 174th STREET,Hoe Avenue,Vyse Avenue,EB,2020-10-11,64.0,50.0,26.0,18.0,18.0,15.0,15.0,34.0,54.0,57.0,100.0,148.0,180.0,218.0,173.0,168.0,123.0,96.0,107.0,121.0,55.0,67.0,72.0,40.0,2020-10-11
151,78940,EAST 174th STREET,Hoe Avenue,Vyse Avenue,WB,2020-10-11,105.0,105.0,80.0,62.0,48.0,48.0,52.0,71.0,106.0,127.0,154.0,199.0,270.0,244.0,278.0,270.0,245.0,301.0,245.0,257.0,157.0,130.0,118.0,95.0,2020-10-11
152,79377,EAST 177th STREET,East Tremont Avenue,Devoe Avenue,NB,2020-10-11,216.0,146.0,145.0,133.0,69.0,64.0,70.0,111.0,115.0,153.0,202.0,233.0,265.0,326.0,302.0,345.0,306.0,310.0,303.0,304.0,275.0,219.0,213.0,165.0,2020-10-11
152,79377,EAST 177th STREET,East Tremont Avenue,Devoe Avenue,SB,2020-10-11,265.0,209.0,138.0,94.0,82.0,130.0,180.0,215.0,239.0,294.0,345.0,361.0,508.0,576.0,704.0,580.0,629.0,643.0,549.0,535.0,508.0,425.0,443.0,338.0,2020-10-11
156,89015,EAST 233rd STREET,Metro North Harlem Line,Bronx River Shoreline,EB,2020-10-11,498.0,371.0,228.0,184.0,153.0,140.0,264.0,381.0,446.0,515.0,536.0,645.0,717.0,809.0,971.0,891.0,881.0,1108.0,1047.0,1064.0,900.0,644.0,544.0,505.0,2020-10-11
156,89015,EAST 233rd STREET,Metro North Harlem Line,Bronx River Shoreline,WB,2020-10-11,415.0,300.0,231.0,183.0,166.0,201.0,361.0,419.0,412.0,501.0,635.0,696.0,784.0,912.0,960.0,843.0,784.0,687.0,701.0,670.0,583.0,514.0,482.0,375.0,2020-10-11
157,89278,EAST 241st STREET,Carpenter Avenue,Matilda Avenue,EB,2020-10-11,179.0,132.0,90.0,62.0,51.0,40.0,86.0,150.0,177.0,220.0,209.0,235.0,281.0,335.0,356.0,348.0,411.0,345.0,373.0,361.0,308.0,224.0,151.0,193.0,2020-10-11
157,89278,EAST 241st STREET,Carpenter Avenue,Matilda Avenue,WB,2020-10-11,170.0,132.0,88.0,75.0,70.0,68.0,107.0,107.0,150.0,193.0,219.0,246.0,298.0,275.0,320.0,317.0,332.0,290.0,286.0,216.0,216.0,182.0,180.0,130.0,2020-10-11
158,146887,EAST BURNSIDE AVENUE,Creston Avenue,Grand Concourse,EB,2020-10-11,139.0,114.0,71.0,63.0,48.0,49.0,61.0,65.0,62.0,89.0,119.0,144.0,181.0,180.0,175.0,200.0,224.0,202.0,204.0,155.0,189.0,143.0,124.0,109.0,2020-10-11
158,146888,EAST BURNSIDE AVENUE,Grand Concourse,Valentine Avenue,WB,2020-10-11,122.0,90.0,59.0,32.0,50.0,41.0,36.0,58.0,87.0,94.0,107.0,160.0,179.0,201.0,207.0,237.0,177.0,200.0,175.0,152.0,121.0,120.0,121.0,99.0,2020-10-11
158,146886,EAST BURNSIDE AVENUE,Grand Concourse,Valentine Avenue,EB,2020-10-11,116.0,99.0,70.0,60.0,55.0,34.0,41.0,49.0,74.0,83.0,92.0,107.0,130.0,128.0,153.0,186.0,156.0,170.0,195.0,172.0,166.0,141.0,131.0,118.0,2020-10-11
158,146496,EAST BURNSIDE AVENUE,Grand Concourse,Valentine Avenue,WB,2020-10-11,166.0,123.0,98.0,76.0,52.0,68.0,55.0,66.0,72.0,103.0,107.0,128.0,133.0,145.0,159.0,193.0,179.0,180.0,171.0,166.0,163.0,175.0,113.0,83.0,2020-10-11
159,146547,EAST FORDHAM ROAD,Bronx River Shoreline,Bronx River Parkway,WB,2020-10-11,779.0,569.0,403.0,352.0,288.0,276.0,430.0,584.0,830.0,1061.0,1363.0,1527.0,1566.0,1912.0,1878.0,1740.0,1792.0,1919.0,1846.0,1578.0,1407.0,1095.0,876.0,711.0,2020-10-11
159,133279,EAST FORDHAM ROAD,Bronx River Shoreline,Pelham Parkway,EB,2020-10-11,625.0,450.0,494.0,357.0,342.0,330.0,418.0,616.0,810.0,891.0,1149.0,1253.0,1529.0,1641.0,1736.0,1709.0,1682.0,1616.0,1463.0,1472.0,1348.0,1113.0,941.0,735.0,2020-10-11
160,178396,EAST GUN HILL ROAD,Bronx Boulevard,Bronx River Parkway,EB,2020-10-11,490.0,371.0,283.0,241.0,220.0,172.0,261.0,437.0,449.0,479.0,622.0,732.0,750.0,860.0,953.0,944.0,973.0,894.0,895.0,949.0,790.0,566.0,524.0,554.0,2020-10-11
160,178396,EAST GUN HILL ROAD,Bronx Boulevard,Bronx River Parkway,WB,2020-10-11,779.0,612.0,534.0,403.0,359.0,379.0,632.0,670.0,671.0,800.0,911.0,954.0,989.0,1160.0,1348.0,1246.0,1123.0,1136.0,1140.0,1023.0,928.0,928.0,915.0,689.0,2020-10-11
161,9014434,EAST TREMONT AVENUE,Bronx River Shoreline,East 177th Street,EB,2020-10-11,349.0,296.0,211.0,204.0,148.0,153.0,236.0,213.0,267.0,344.0,381.0,476.0,522.0,505.0,602.0,633.0,571.0,632.0,581.0,485.0,423.0,410.0,343.0,295.0,2020-10-11
161,9014434,EAST TREMONT AVENUE,Bronx River Shoreline,East 177th Street,WB,2020-10-11,279.0,203.0,178.0,179.0,116.0,82.0,110.0,164.0,187.0,244.0,295.0,332.0,412.0,434.0,414.0,472.0,435.0,443.0,417.0,404.0,351.0,289.0,268.0,196.0,2020-10-11
162,88518,EASTCHESTER ROAD,Givan Avenue,Tillotson Avenue,NB,2020-10-11,104.0,72.0,58.0,36.0,41.0,32.0,51.0,109.0,151.0,177.0,178.0,272.0,284.0,301.0,337.0,353.0,310.0,301.0,255.0,243.0,208.0,156.0,112.0,137.0,2020-10-11
162,88518,EASTCHESTER ROAD,Givan Avenue,Tillotson Avenue,SB,2020-10-11,109.0,62.0,44.0,36.0,45.0,38.0,87.0,100.0,113.0,144.0,170.0,247.0,260.0,258.0,304.0,279.0,259.0,292.0,280.0,221.0,179.0,126.0,120.0,96.0,2020-10-11
163,145229,EASTERN PARKWAY,Broadway,Cooke Ct,SB,2020-10-11,340.0,267.0,223.0,175.0,111.0,123.0,171.0,258.0,330.0,384.0,444.0,484.0,510.0,580.0,665.0,706.0,655.0,666.0,623.0,624.0,477.0,421.0,388.0,341.0,2020-10-11
163,157872,EASTERN PARKWAY,Broadway,Cooke Ct,NB,2020-10-11,217.0,153.0,91.0,77.0,59.0,75.0,140.0,156.0,166.0,205.0,282.0,287.0,328.0,400.0,406.0,412.0,399.0,345.0,372.0,310.0,286.0,248.0,206.0,181.0,2020-10-11
164,226748,EDSON AVENUE,New England Thruway/ Edson Avenue,Bartow Avenue,SB,2020-10-11,228.0,162.0,92.0,109.0,67.0,134.0,237.0,308.0,359.0,463.0,598.0,690.0,858.0,931.0,1007.0,968.0,959.0,977.0,988.0,969.0,624.0,488.0,340.0,210.0,2020-10-11
165,154911,ESPLANADE,Hone Avenue,Lurting Avenue,NB,2020-10-11,11.0,10.0,8.0,7.0,3.0,2.0,7.0,14.0,14.0,17.0,15.0,35.0,37.0,38.0,44.0,28.0,31.0,52.0,49.0,33.0,56.0,31.0,36.0,18.0,2020-10-11
165,154664,ESPLANADE,Hone Avenue,Lurting Avenue,SB,2020-10-11,15.0,10.0,8.0,11.0,1.0,4.0,7.0,17.0,14.0,9.0,18.0,27.0,27.0,34.0,29.0,40.0,38.0,35.0,47.0,36.0,69.0,30.0,51.0,29.0,2020-10-11
167,28637,FLATBUSH AVENUE,Glenwood Road,East 29th Street,NB,2020-10-11,394.0,283.0,243.0,180.0,175.0,225.0,342.0,441.0,527.0,557.0,664.0,715.0,770.0,815.0,747.0,781.0,696.0,758.0,698.0,663.0,619.0,574.0,489.0,428.0,2020-10-11
167,28637,FLATBUSH AVENUE,Glenwood Road,East 29th Street,SB,2020-10-11,380.0,293.0,225.0,166.0,145.0,137.0,147.0,256.0,363.0,392.0,471.0,552.0,552.0,518.0,603.0,521.0,578.0,588.0,585.0,640.0,536.0,487.0,372.0,343.0,2020-10-11
168,9005719,FLATLANDS AVENUE,East 108th Street,Williams Avenue,NB,2020-10-11,333.0,222.0,161.0,110.0,99.0,113.0,158.0,249.0,427.0,539.0,642.0,705.0,663.0,848.0,840.0,918.0,827.0,757.0,693.0,615.0,540.0,366.0,313.0,273.0,2020-10-11
168,9005717,FLATLANDS AVENUE,East 108th Street,Williams Avenue,SB,2020-10-11,301.0,189.0,161.0,133.0,99.0,119.0,144.0,220.0,354.0,504.0,525.0,588.0,649.0,763.0,793.0,786.0,774.0,768.0,639.0,641.0,525.0,363.0,322.0,268.0,2020-10-11
169,42542,FLATLANDS AVENUE,East 78th Street,East 79th Street,EB,2020-10-11,218.0,171.0,96.0,89.0,78.0,87.0,98.0,154.0,253.0,311.0,433.0,420.0,516.0,590.0,615.0,603.0,565.0,517.0,532.0,465.0,419.0,272.0,231.0,211.0,2020-10-11
169,42542,FLATLANDS AVENUE,East 78th Street,East 79th Street,WB,2020-10-11,270.0,169.0,154.0,117.0,94.0,117.0,124.0,200.0,318.0,410.0,485.0,474.0,588.0,641.0,619.0,653.0,612.0,630.0,585.0,517.0,434.0,334.0,302.0,266.0,2020-10-11
177,150110,FRANCIS LEWIS BOULEVARD,Horace Harding Expy,73rd Avenue,SB,2020-10-11,51.0,34.0,17.0,6.0,17.0,32.0,88.0,166.0,190.0,263.0,311.0,322.0,375.0,323.0,311.0,305.0,265.0,263.0,184.0,160.0,107.0,68.0,77.0,36.0,2020-10-11
177,156785,FRANCIS LEWIS BOULEVARD,Horace Harding Expy,73rd Avenue,NB,2020-10-11,31.0,16.0,17.0,8.0,22.0,50.0,72.0,110.0,168.0,242.0,255.0,310.0,256.0,246.0,253.0,218.0,219.0,245.0,138.0,107.0,64.0,77.0,42.0,26.0,2020-10-11
180,19559,FT HAMILTON PARKWAY,66th Street,67th Street,EB,2020-10-11,145.0,87.0,49.0,50.0,47.0,35.0,74.0,147.0,180.0,277.0,347.0,393.0,405.0,447.0,438.0,421.0,416.0,439.0,373.0,326.0,256.0,215.0,209.0,161.0,2020-10-11
180,19559,FT HAMILTON PARKWAY,66th Street,67th Street,WB,2020-10-11,161.0,85.0,51.0,30.0,37.0,13.0,156.0,188.0,283.0,372.0,371.0,415.0,472.0,419.0,426.0,409.0,459.0,455.0,328.0,311.0,298.0,240.0,230.0,147.0,2020-10-11
185,110263,GLEN STREET,Lois Lane,Fahy Avenue,NB,2020-10-11,55.0,45.0,6.0,8.0,15.0,22.0,63.0,72.0,84.0,102.0,128.0,148.0,180.0,169.0,189.0,196.0,175.0,197.0,221.0,148.0,100.0,62.0,78.0,41.0,2020-10-11
186,176279,GRAND CONCOURSE,East 188th Street,East 184th Street,NB,2020-10-11,261.0,194.0,148.0,108.0,93.0,75.0,88.0,93.0,127.0,147.0,158.0,247.0,323.0,365.0,418.0,492.0,435.0,427.0,466.0,365.0,336.0,302.0,247.0,192.0,2020-10-11
186,176279,GRAND CONCOURSE,East 188th Street,East 184th Street,SB,2020-10-11,172.0,134.0,112.0,91.0,89.0,74.0,94.0,114.0,153.0,158.0,201.0,241.0,292.0,327.0,406.0,387.0,396.0,406.0,408.0,373.0,245.0,200.0,174.0,147.0,2020-10-11
186,148198,GRAND CONCOURSE,East 184th Street,East 187th Street,SB,2020-10-11,146.0,130.0,107.0,89.0,83.0,61.0,64.0,123.0,164.0,184.0,263.0,295.0,283.0,328.0,336.0,420.0,354.0,337.0,288.0,256.0,229.0,197.0,184.0,122.0,2020-10-11
186,148197,GRAND CONCOURSE,East 184th Street,East 187th Street,NB,2020-10-11,251.0,170.0,121.0,116.0,78.0,79.0,65.0,108.0,116.0,181.0,237.0,297.0,340.0,354.0,330.0,372.0,352.0,352.0,318.0,286.0,287.0,246.0,201.0,151.0,2020-10-11
187,184562,GRAND CONCOURSE,East Mt Eve Avenue,Hawkstone Street,NB,2020-10-11,279.0,231.0,137.0,107.0,91.0,67.0,92.0,96.0,136.0,183.0,241.0,299.0,421.0,457.0,489.0,569.0,523.0,469.0,426.0,444.0,337.0,337.0,254.0,185.0,2020-10-11
187,184562,GRAND CONCOURSE,East Mt Eve Avenue,Hawkstone Street,SB,2020-10-11,211.0,175.0,124.0,112.0,125.0,93.0,120.0,124.0,158.0,167.0,221.0,244.0,318.0,347.0,447.0,395.0,421.0,422.0,383.0,343.0,284.0,246.0,187.0,170.0,2020-10-11
187,144881,GRAND CONCOURSE,Hawkstone Street,East Mt Eden Avenue,SB,2020-10-11,173.0,120.0,115.0,96.0,76.0,54.0,68.0,96.0,100.0,136.0,168.0,205.0,197.0,216.0,206.0,225.0,264.0,210.0,219.0,210.0,216.0,166.0,150.0,124.0,2020-10-11
187,149759,GRAND CONCOURSE,Hawkstone Street,Mt Eden Parkway,NB,2020-10-11,148.0,115.0,124.0,97.0,78.0,67.0,57.0,119.0,142.0,145.0,190.0,190.0,234.0,289.0,287.0,269.0,235.0,273.0,252.0,239.0,236.0,157.0,178.0,129.0,2020-10-11
189,31123,GRAND STREET,Union Avenue,Lorimer Street,EB,2020-10-11,136.0,104.0,74.0,59.0,40.0,31.0,55.0,53.0,91.0,114.0,148.0,198.0,242.0,263.0,282.0,301.0,317.0,314.0,347.0,269.0,260.0,202.0,206.0,119.0,2020-10-11
189,31123,GRAND STREET,Union Avenue,Lorimer Street,WB,2020-10-11,215.0,187.0,177.0,136.0,88.0,104.0,138.0,190.0,199.0,240.0,306.0,309.0,359.0,350.0,367.0,385.0,353.0,347.0,317.0,329.0,289.0,288.0,230.0,158.0,2020-10-11
192,9004434,HARROD AVENUE,Cross Bronx River Expressway,East 174th Street,NB,2020-10-11,61.0,54.0,43.0,33.0,27.0,25.0,34.0,29.0,45.0,52.0,74.0,57.0,107.0,105.0,117.0,123.0,105.0,106.0,127.0,98.0,102.0,58.0,65.0,49.0,2020-10-11
192,9004434,HARROD AVENUE,Cross Bronx River Expressway,East 174th Street,SB,2020-10-11,69.0,49.0,32.0,28.0,24.0,22.0,28.0,24.0,26.0,42.0,63.0,44.0,88.0,101.0,104.0,120.0,108.0,121.0,114.0,100.0,94.0,77.0,62.0,54.0,2020-10-11
203,157603,JAMAICA AVENUE,Georgia Avenue,Sheffied Avenue,EB,2020-10-11,433.0,276.0,218.0,166.0,152.0,137.0,240.0,250.0,275.0,319.0,382.0,479.0,510.0,572.0,502.0,621.0,602.0,583.0,569.0,545.0,522.0,436.0,381.0,320.0,2020-10-11
203,157676,JAMAICA AVENUE,Georgia Avenue,Fanchon Place,WB,2020-10-11,341.0,237.0,159.0,115.0,100.0,119.0,230.0,293.0,313.0,334.0,424.0,496.0,492.0,619.0,694.0,740.0,759.0,616.0,629.0,642.0,582.0,428.0,392.0,327.0,2020-10-11
204,49572,JAMAICA AVENUE,Hemlock Street,Autumn Avenue,EB,2020-10-11,227.0,159.0,137.0,96.0,57.0,43.0,71.0,146.0,159.0,203.0,229.0,262.0,299.0,289.0,318.0,354.0,341.0,318.0,274.0,281.0,244.0,189.0,173.0,158.0,2020-10-11
204,49572,JAMAICA AVENUE,Hemlock Street,Autumn Avenue,WB,2020-10-11,179.0,138.0,115.0,98.0,64.0,78.0,112.0,132.0,170.0,225.0,262.0,328.0,384.0,404.0,417.0,406.0,416.0,385.0,370.0,314.0,264.0,230.0,201.0,133.0,2020-10-11
206,236204,JEROME AVENUE,Jerome Avenue Line,Jerome Avenue Line,EB,2020-10-11,152.0,104.0,78.0,75.0,67.0,49.0,78.0,88.0,132.0,150.0,214.0,247.0,265.0,265.0,315.0,297.0,303.0,258.0,219.0,212.0,197.0,180.0,162.0,127.0,2020-10-11
206,236204,JEROME AVENUE,Jerome Avenue Line,Jerome Avenue Line,WB,2020-10-11,178.0,126.0,104.0,98.0,77.0,74.0,84.0,156.0,163.0,203.0,245.0,269.0,336.0,334.0,381.0,383.0,377.0,414.0,391.0,360.0,268.0,228.0,181.0,151.0,2020-10-11
209,167027,KINGS HIGHWAY,Avenue J,Avenue I,NB,2020-10-11,127.0,106.0,55.0,50.0,57.0,47.0,65.0,102.0,152.0,186.0,251.0,260.0,306.0,381.0,452.0,424.0,397.0,326.0,242.0,236.0,186.0,162.0,139.0,108.0,2020-10-11
209,167027,KINGS HIGHWAY,Avenue J,Avenue I,SB,2020-10-11,142.0,138.0,109.0,64.0,30.0,54.0,63.0,112.0,157.0,183.0,211.0,221.0,287.0,296.0,302.0,312.0,323.0,288.0,399.0,355.0,239.0,205.0,145.0,81.0,2020-10-11
209,228792,KINGS HIGHWAY,Avenue J,Avenue I,SB,2020-10-11,46.0,32.0,11.0,22.0,6.0,15.0,21.0,34.0,54.0,66.0,74.0,87.0,82.0,104.0,111.0,131.0,115.0,96.0,113.0,105.0,81.0,77.0,47.0,37.0,2020-10-11
209,228794,KINGS HIGHWAY,Avenue J,Avenue I,NB,2020-10-11,32.0,25.0,12.0,15.0,15.0,9.0,17.0,21.0,50.0,72.0,74.0,112.0,123.0,185.0,200.0,187.0,171.0,133.0,99.0,93.0,73.0,54.0,61.0,45.0,2020-10-11
210,167264,KINGS HIGHWAY,Remsen Avenue,East 91st Street,NB,2020-10-11,476.0,346.0,276.0,188.0,143.0,157.0,208.0,253.0,343.0,386.0,605.0,571.0,677.0,746.0,788.0,797.0,781.0,774.0,772.0,733.0,766.0,466.0,442.0,321.0,2020-10-11
210,167264,KINGS HIGHWAY,Remsen Avenue,East 91st Street,SB,2020-10-11,323.0,243.0,207.0,146.0,108.0,104.0,106.0,193.0,206.0,249.0,306.0,326.0,382.0,415.0,483.0,511.0,494.0,472.0,439.0,412.0,362.0,291.0,270.0,260.0,2020-10-11
210,148033,KINGS HIGHWAY,Linden Boulevard,East 91st Street,NB,2020-10-11,123.0,93.0,72.0,61.0,28.0,35.0,50.0,56.0,82.0,92.0,156.0,148.0,183.0,243.0,286.0,254.0,248.0,258.0,267.0,195.0,176.0,142.0,119.0,99.0,2020-10-11
210,148124,KINGS HIGHWAY,Linden Boulevard,East 91st Street,SB,2020-10-11,130.0,101.0,74.0,73.0,39.0,48.0,49.0,87.0,101.0,118.0,145.0,151.0,169.0,196.0,217.0,227.0,214.0,220.0,185.0,202.0,158.0,136.0,99.0,117.0,2020-10-11
212,88106,LACONIA AVENUE,Adee Avenue,Burke Avenue,NB,2020-10-11,33.0,17.0,19.0,10.0,7.0,7.0,15.0,42.0,51.0,67.0,52.0,65.0,75.0,68.0,70.0,74.0,76.0,73.0,59.0,41.0,37.0,31.0,26.0,36.0,2020-10-11
212,88106,LACONIA AVENUE,Adee Avenue,Burke Avenue,SB,2020-10-11,14.0,10.0,9.0,4.0,2.0,1.0,7.0,18.0,17.0,22.0,24.0,37.0,35.0,40.0,47.0,46.0,45.0,43.0,47.0,40.0,16.0,33.0,16.0,12.0,2020-10-11
213,9005484,LAFAYETTE AVENUE,Classon Avenue,Franklin Avenue,EB,2020-10-11,225.0,134.0,92.0,65.0,53.0,49.0,56.0,109.0,156.0,205.0,258.0,335.0,379.0,404.0,454.0,535.0,497.0,501.0,454.0,501.0,367.0,272.0,228.0,186.0,2020-10-11
221,57192,LIBERTY AVENUE,Waltham Street,146th Street,EB,2020-10-11,208.0,168.0,135.0,139.0,91.0,87.0,124.0,254.0,302.0,317.0,401.0,419.0,416.0,468.0,535.0,445.0,473.0,419.0,386.0,381.0,310.0,302.0,256.0,235.0,2020-10-11
221,57192,LIBERTY AVENUE,Waltham Street,146th Street,WB,2020-10-11,234.0,178.0,144.0,118.0,120.0,102.0,157.0,190.0,237.0,272.0,326.0,341.0,403.0,378.0,431.0,438.0,405.0,455.0,386.0,328.0,304.0,231.0,213.0,165.0,2020-10-11
224,51124,LINDEN BOULEVARD,Amber Street,79th Street,EB,2020-10-11,314.0,261.0,218.0,218.0,181.0,157.0,197.0,282.0,369.0,414.0,540.0,557.0,620.0,756.0,801.0,791.0,742.0,668.0,616.0,585.0,704.0,395.0,398.0,334.0,2020-10-11
224,156596,LINDEN BOULEVARD,Sapphire Street,79th Street,WB,2020-10-11,370.0,238.0,188.0,179.0,162.0,167.0,265.0,288.0,389.0,453.0,563.0,605.0,719.0,738.0,863.0,908.0,859.0,793.0,725.0,716.0,618.0,434.0,368.0,335.0,2020-10-11
226,184850,LINDEN BOULEVARD,Sapphire Street,79th Street,WB,2020-10-11,76.0,75.0,66.0,58.0,47.0,46.0,74.0,95.0,119.0,138.0,198.0,219.0,249.0,292.0,294.0,288.0,287.0,257.0,234.0,246.0,180.0,155.0,135.0,125.0,2020-10-11
226,145550,LINDEN BOULEVARD,Sapphire Street,79th Street,EB,2020-10-11,76.0,45.0,35.0,25.0,22.0,31.0,39.0,55.0,51.0,71.0,103.0,109.0,113.0,147.0,146.0,144.0,135.0,124.0,107.0,116.0,141.0,67.0,68.0,65.0,2020-10-11
242,21490,MC DONALD AVENUE,Albemarle Road,Church Avenue,NB,2020-10-11,37.0,44.0,32.0,31.0,25.0,36.0,31.0,73.0,121.0,104.0,139.0,174.0,126.0,167.0,167.0,162.0,164.0,165.0,121.0,112.0,81.0,80.0,85.0,68.0,2020-10-11
242,21490,MC DONALD AVENUE,Albemarle Road,Church Avenue,SB,2020-10-11,61.0,40.0,20.0,29.0,22.0,25.0,31.0,46.0,58.0,77.0,109.0,122.0,152.0,150.0,188.0,198.0,155.0,166.0,146.0,146.0,118.0,119.0,101.0,71.0,2020-10-11
246,31248,MESEROLE STREET,Lorimer Street,Leonard Street,WB,2020-10-11,90.0,80.0,65.0,51.0,35.0,22.0,31.0,64.0,61.0,81.0,131.0,179.0,216.0,184.0,209.0,217.0,187.0,190.0,188.0,170.0,161.0,151.0,85.0,68.0,2020-10-11
250,251085,MONTROSE AVENUE,Union Avenue,Lorimer Street,EB,2020-10-11,168.0,134.0,81.0,63.0,41.0,35.0,52.0,76.0,114.0,121.0,183.0,227.0,208.0,245.0,243.0,290.0,267.0,257.0,259.0,230.0,218.0,178.0,147.0,140.0,2020-10-11
252,72317,MORRIS AVENUE,Mt Eden Parkway,East 173rd Street,NB,2020-10-11,124.0,89.0,62.0,55.0,49.0,29.0,74.0,74.0,95.0,102.0,138.0,173.0,186.0,186.0,202.0,221.0,247.0,169.0,205.0,183.0,134.0,134.0,137.0,102.0,2020-10-11
252,72317,MORRIS AVENUE,Mt Eden Parkway,East 173rd Street,SB,2020-10-11,139.0,95.0,85.0,75.0,75.0,72.0,128.0,135.0,131.0,135.0,139.0,184.0,177.0,155.0,195.0,246.0,238.0,216.0,220.0,211.0,171.0,174.0,144.0,157.0,2020-10-11
253,9003578,MORRIS AVENUE,East 156th Street,Concourse Village,NB,2020-10-11,346.0,236.0,229.0,189.0,138.0,107.0,139.0,181.0,226.0,234.0,301.0,385.0,447.0,473.0,543.0,627.0,599.0,611.0,530.0,545.0,495.0,393.0,345.0,303.0,2020-10-11
253,9003578,MORRIS AVENUE,East 156th Street,Concourse Village,SB,2020-10-11,151.0,137.0,110.0,83.0,67.0,78.0,109.0,136.0,151.0,157.0,201.0,199.0,273.0,273.0,354.0,321.0,326.0,287.0,282.0,275.0,218.0,221.0,177.0,148.0,2020-10-11
255,9009379,MYRTLE AVENUE,Throop Avenue,Tompkins Avenue,EB,2020-10-11,237.0,189.0,148.0,86.0,62.0,46.0,64.0,72.0,124.0,164.0,154.0,227.0,233.0,230.0,262.0,267.0,267.0,292.0,281.0,254.0,269.0,192.0,177.0,196.0,2020-10-11
255,9009379,MYRTLE AVENUE,Throop Avenue,Tompkins Avenue,WB,2020-10-11,129.0,101.0,51.0,41.0,66.0,140.0,328.0,378.0,394.0,406.0,295.0,296.0,277.0,320.0,374.0,267.0,298.0,300.0,284.0,256.0,231.0,263.0,194.0,217.0,2020-10-11
256,19259,NEPTUNE AVENUE,West 12th Street,West End/ Sea Beach Line,EB,2020-10-11,111.0,62.0,69.0,49.0,40.0,43.0,94.0,126.0,164.0,175.0,246.0,292.0,353.0,378.0,364.0,366.0,385.0,335.0,294.0,276.0,187.0,139.0,136.0,121.0,2020-10-11
256,19259,NEPTUNE AVENUE,West 12th Street,West End/ Sea Beach Line,WB,2020-10-11,57.0,42.0,35.0,16.0,13.0,17.0,39.0,67.0,85.0,109.0,172.0,182.0,231.0,247.0,237.0,231.0,190.0,157.0,148.0,103.0,95.0,66.0,59.0,54.0,2020-10-11
257,21139,NEW UTRECHT AVENUE,52nd Street,53rd Street,NB,2020-10-11,66.0,49.0,39.0,24.0,26.0,19.0,34.0,57.0,69.0,93.0,104.0,105.0,102.0,150.0,132.0,148.0,128.0,132.0,130.0,139.0,175.0,155.0,160.0,123.0,2020-10-11
257,21139,NEW UTRECHT AVENUE,52nd Street,53rd Street,SB,2020-10-11,46.0,46.0,34.0,12.0,19.0,28.0,37.0,47.0,78.0,85.0,99.0,106.0,129.0,103.0,114.0,120.0,110.0,84.0,100.0,133.0,165.0,169.0,144.0,125.0,2020-10-11
258,19874,NEW UTRECHT AVENUE,71st Street,72nd Street,NB,2020-10-11,82.0,59.0,42.0,29.0,22.0,29.0,34.0,83.0,131.0,163.0,201.0,204.0,222.0,260.0,217.0,202.0,212.0,201.0,211.0,127.0,100.0,68.0,59.0,49.0,2020-10-11
258,19874,NEW UTRECHT AVENUE,71st Street,72nd Street,SB,2020-10-11,77.0,52.0,42.0,24.0,25.0,18.0,34.0,62.0,89.0,151.0,185.0,196.0,215.0,222.0,196.0,226.0,189.0,174.0,173.0,160.0,110.0,75.0,53.0,47.0,2020-10-11
260,50683,NORTH CONDUIT AVENUE,Glenmore Avenue,Lincoln Avenue,WB,2020-10-11,648.0,439.0,384.0,328.0,229.0,307.0,478.0,573.0,662.0,869.0,1087.0,1158.0,1263.0,1360.0,1339.0,1407.0,1324.0,1226.0,1362.0,1178.0,1118.0,956.0,707.0,536.0,2020-10-11
261,97306,NORTHERN BOULEVARD,190th Street,191th Street,EB,2020-10-11,192.0,109.0,83.0,58.0,49.0,51.0,132.0,234.0,409.0,561.0,676.0,719.0,933.0,860.0,815.0,875.0,757.0,693.0,663.0,621.0,475.0,343.0,290.0,187.0,2020-10-11
261,97306,NORTHERN BOULEVARD,190th Street,191th Street,WB,2020-10-11,163.0,106.0,72.0,49.0,40.0,61.0,118.0,213.0,410.0,490.0,620.0,708.0,772.0,765.0,772.0,755.0,781.0,816.0,773.0,637.0,476.0,386.0,296.0,178.0,2020-10-11
262,157298,NORTHERN BOULEVARD,College Point Boulevard,Prince Street,WB,2020-10-11,540.0,323.0,238.0,209.0,161.0,210.0,346.0,476.0,666.0,928.0,1093.0,1186.0,1323.0,1380.0,1294.0,1443.0,1290.0,1210.0,1285.0,1088.0,877.0,734.0,605.0,516.0,2020-10-11
262,133152,NORTHERN BOULEVARD,College Point Boulevard,Prince Street,EB,2020-10-11,430.0,300.0,215.0,187.0,138.0,139.0,242.0,331.0,478.0,672.0,878.0,862.0,1022.0,1034.0,994.0,1014.0,1008.0,957.0,980.0,838.0,706.0,562.0,551.0,397.0,2020-10-11
263,111646,NOSTRAND AVENUE,Foster Avenue,Farragut Road,SB,2020-10-11,238.0,181.0,146.0,157.0,110.0,92.0,103.0,146.0,187.0,216.0,234.0,300.0,322.0,308.0,313.0,339.0,375.0,323.0,320.0,329.0,325.0,237.0,181.0,144.0,2020-10-11
264,25484,OCEAN PARKWAY,Avenue S,AvenueT,NB,2020-10-11,249.0,122.0,130.0,115.0,107.0,116.0,198.0,355.0,521.0,689.0,818.0,905.0,1049.0,1194.0,1209.0,1057.0,1043.0,1018.0,852.0,791.0,623.0,548.0,365.0,251.0,2020-10-11
264,25484,OCEAN PARKWAY,Avenue S,AvenueT,SB,2020-10-11,507.0,354.0,231.0,173.0,123.0,102.0,105.0,145.0,245.0,391.0,613.0,748.0,883.0,1048.0,1099.0,999.0,1008.0,1013.0,1011.0,860.0,796.0,622.0,444.0,425.0,2020-10-11
264,136481,OCEAN PARKWAY,Avenue S,AvenueT,NB,2020-10-11,17.0,9.0,7.0,6.0,2.0,5.0,6.0,20.0,12.0,16.0,26.0,26.0,29.0,27.0,31.0,32.0,45.0,37.0,38.0,65.0,67.0,53.0,44.0,28.0,2020-10-11
264,136482,OCEAN PARKWAY,Avenue S,AvenueT,SB,2020-10-11,15.0,12.0,6.0,2.0,6.0,7.0,9.0,13.0,21.0,20.0,18.0,23.0,24.0,31.0,35.0,42.0,36.0,29.0,34.0,54.0,49.0,49.0,27.0,14.0,2020-10-11
265,9003584,PARK AVENUE,Delmonico Pl,Tompkins Avenue,EB,2020-10-11,97.0,69.0,46.0,25.0,17.0,20.0,21.0,41.0,49.0,64.0,99.0,88.0,118.0,130.0,134.0,139.0,155.0,142.0,122.0,149.0,124.0,111.0,88.0,69.0,2020-10-11
265,9003584,PARK AVENUE,Delmonico Pl,Tompkins Avenue,WB,2020-10-11,164.0,133.0,96.0,49.0,33.0,53.0,58.0,71.0,120.0,146.0,182.0,225.0,229.0,258.0,249.0,249.0,261.0,253.0,266.0,237.0,197.0,172.0,142.0,109.0,2020-10-11
266,30321,PARK AVENUE,Ryerson Street,Grand Avenue,EB,2020-10-11,159.0,88.0,68.0,46.0,24.0,32.0,43.0,59.0,127.0,165.0,237.0,262.0,287.0,321.0,371.0,352.0,386.0,341.0,317.0,298.0,258.0,182.0,155.0,116.0,2020-10-11
268,246365,PARK ROW,Beekman Street,Broadway,WB,2020-10-11,155.0,100.0,66.0,62.0,45.0,91.0,142.0,137.0,149.0,180.0,256.0,280.0,323.0,334.0,354.0,383.0,302.0,351.0,252.0,237.0,216.0,213.0,212.0,134.0,2020-10-11
268,162351,PARK ROW,Beekman Street,Broadway,EB,2020-10-11,202.0,135.0,103.0,91.0,53.0,46.0,78.0,136.0,125.0,179.0,218.0,305.0,319.0,361.0,428.0,499.0,465.0,489.0,588.0,410.0,262.0,251.0,215.0,174.0,2020-10-11
273,120618,POLY PLACE,7th Avenue,Cropsey Avenue,EB,2020-10-11,77.0,50.0,32.0,20.0,20.0,32.0,69.0,100.0,115.0,146.0,149.0,229.0,268.0,244.0,256.0,327.0,305.0,218.0,242.0,208.0,139.0,124.0,109.0,85.0,2020-10-11
273,120618,POLY PLACE,7th Avenue,Cropsey Avenue,WB,2020-10-11,58.0,43.0,22.0,20.0,15.0,18.0,52.0,70.0,86.0,96.0,118.0,170.0,186.0,164.0,167.0,256.0,211.0,157.0,176.0,138.0,98.0,92.0,78.0,60.0,2020-10-11
277,192425,PROVOST AVENUE,East 233rd Street,East Kingsbridge Road,NB,2020-10-11,104.0,91.0,46.0,52.0,36.0,26.0,46.0,89.0,137.0,195.0,234.0,283.0,325.0,350.0,352.0,359.0,354.0,330.0,272.0,248.0,181.0,134.0,122.0,110.0,2020-10-11
277,192425,PROVOST AVENUE,East 233rd Street,East Kingsbridge Road,SB,2020-10-11,38.0,57.0,14.0,10.0,22.0,12.0,23.0,24.0,45.0,75.0,81.0,155.0,170.0,194.0,206.0,221.0,206.0,161.0,194.0,148.0,103.0,66.0,57.0,33.0,2020-10-11
280,190316,QUEENS BOULEVARD,57th Ave,Woodhaven Boulevard,EB,2020-10-11,133.0,73.0,43.0,30.0,26.0,18.0,56.0,85.0,110.0,153.0,216.0,303.0,378.0,436.0,459.0,446.0,546.0,445.0,433.0,398.0,283.0,187.0,171.0,115.0,2020-10-11
282,151751,QUEENS BOULEVARD,Union Turnpike,78th Avenue,EB,2020-10-11,94.0,43.0,31.0,24.0,8.0,22.0,35.0,56.0,98.0,116.0,142.0,181.0,196.0,200.0,252.0,244.0,247.0,233.0,236.0,216.0,166.0,167.0,108.0,96.0,2020-10-11
282,134372,QUEENS BOULEVARD,Union Turnpike,80th Rd,EB,2020-10-11,161.0,75.0,47.0,45.0,27.0,37.0,83.0,96.0,132.0,130.0,183.0,230.0,265.0,285.0,294.0,299.0,325.0,332.0,339.0,389.0,327.0,180.0,198.0,154.0,2020-10-11
282,157226,QUEENS BOULEVARD,Union Turnpike,80th Rd,WB,2020-10-11,160.0,138.0,87.0,47.0,61.0,114.0,218.0,262.0,360.0,441.0,519.0,548.0,607.0,620.0,561.0,585.0,538.0,537.0,491.0,424.0,356.0,326.0,259.0,168.0,2020-10-11
283,42389,RALPH AVENUE,Glenwood Road,Flatlands Avenue,NB,2020-10-11,137.0,98.0,63.0,39.0,44.0,45.0,84.0,118.0,177.0,273.0,349.0,448.0,455.0,471.0,490.0,517.0,473.0,411.0,462.0,338.0,270.0,204.0,166.0,139.0,2020-10-11
283,42389,RALPH AVENUE,Glenwood Road,Flatlands Avenue,SB,2020-10-11,164.0,126.0,90.0,58.0,57.0,52.0,80.0,124.0,203.0,294.0,402.0,403.0,506.0,493.0,552.0,525.0,510.0,435.0,418.0,354.0,297.0,255.0,197.0,148.0,2020-10-11
284,179513,RANDALL AVENUE,East 177th Street,Cross Bronx Expressway,EB,2020-10-11,264.0,180.0,166.0,107.0,108.0,86.0,132.0,181.0,268.0,384.0,459.0,531.0,558.0,743.0,811.0,697.0,653.0,554.0,598.0,577.0,502.0,404.0,279.0,244.0,2020-10-11
284,179513,RANDALL AVENUE,East 177th Street,Cross Bronx Expressway,WB,2020-10-11,61.0,43.0,17.0,17.0,18.0,15.0,23.0,40.0,52.0,65.0,104.0,127.0,127.0,171.0,159.0,136.0,120.0,138.0,121.0,103.0,101.0,81.0,65.0,41.0,2020-10-11
285,128674,REMSEN AVENUE,Stillwell Pl,Avenue L,NB,2020-10-11,141.0,154.0,98.0,76.0,62.0,66.0,108.0,155.0,181.0,225.0,265.0,296.0,301.0,356.0,317.0,332.0,318.0,316.0,310.0,282.0,224.0,160.0,184.0,135.0,2020-10-11
285,128674,REMSEN AVENUE,Stillwell Pl,Avenue L,SB,2020-10-11,166.0,116.0,108.0,81.0,48.0,51.0,62.0,108.0,170.0,204.0,231.0,237.0,265.0,309.0,324.0,335.0,344.0,296.0,273.0,267.0,231.0,182.0,174.0,131.0,2020-10-11
286,128667,REMSEN AVENUE,Flatlands Avenue,Avenue J,NB,2020-10-11,226.0,192.0,125.0,103.0,95.0,105.0,153.0,191.0,227.0,307.0,328.0,372.0,338.0,404.0,421.0,398.0,416.0,376.0,357.0,337.0,283.0,231.0,242.0,217.0,2020-10-11
286,128667,REMSEN AVENUE,Flatlands Avenue,Avenue J,SB,2020-10-11,275.0,182.0,189.0,112.0,90.0,74.0,74.0,150.0,230.0,254.0,279.0,365.0,354.0,435.0,451.0,462.0,479.0,475.0,393.0,416.0,349.0,279.0,257.0,236.0,2020-10-11
287,149201,RICHMOND AVENUE,Forest Hill Road,Forest Hill Bridge,SB,2020-10-11,278.0,170.0,88.0,65.0,52.0,59.0,139.0,272.0,436.0,735.0,1051.0,1331.0,1596.0,1747.0,1616.0,1685.0,1547.0,1294.0,1224.0,888.0,646.0,439.0,376.0,251.0,2020-10-11
287,155387,RICHMOND AVENUE,Forest Hill Road,Forest Hill Bridge,NB,2020-10-11,295.0,220.0,115.0,78.0,74.0,137.0,285.0,468.0,657.0,1043.0,1541.0,1749.0,1897.0,1902.0,1803.0,1691.0,1400.0,1269.0,1064.0,903.0,679.0,430.0,398.0,258.0,2020-10-11
289,8288,RICHMOND,Hillman Avenue,Akron Street,NB,2020-10-11,104.0,60.0,34.0,32.0,50.0,75.0,140.0,220.0,352.0,425.0,569.0,649.0,706.0,700.0,695.0,701.0,656.0,545.0,474.0,317.0,237.0,200.0,141.0,76.0,2020-10-11
289,8288,RICHMOND,Hillman Avenue,Akron Street,SB,2020-10-11,120.0,84.0,51.0,31.0,27.0,38.0,68.0,148.0,212.0,345.0,460.0,545.0,605.0,666.0,674.0,677.0,553.0,492.0,450.0,364.0,260.0,174.0,175.0,115.0,2020-10-11
294,73436,RIVERDALE AVENUE,West 238th Street,West 239th Street,NB,2020-10-11,71.0,45.0,41.0,19.0,20.0,27.0,40.0,75.0,109.0,128.0,196.0,200.0,250.0,291.0,256.0,263.0,262.0,265.0,240.0,218.0,148.0,142.0,100.0,78.0,2020-10-11
294,73436,RIVERDALE AVENUE,West 238th Street,West 239th Street,SB,2020-10-11,69.0,63.0,30.0,21.0,24.0,26.0,58.0,108.0,170.0,231.0,253.0,309.0,373.0,403.0,372.0,375.0,366.0,324.0,342.0,303.0,236.0,160.0,118.0,77.0,2020-10-11
298,46514,ROCKAWAY PARKWAY,Avenue J,Avenue K,SB,2020-10-11,214.0,184.0,160.0,135.0,121.0,95.0,114.0,187.0,235.0,287.0,318.0,338.0,384.0,357.0,417.0,395.0,390.0,408.0,399.0,317.0,292.0,279.0,258.0,262.0,2020-10-11
303,155745,SEAGIRT BOULEVARD,Beach 6th Street,Beach 9th Street,WB,2020-10-11,130.0,89.0,76.0,61.0,63.0,79.0,177.0,256.0,314.0,415.0,510.0,517.0,526.0,561.0,590.0,555.0,501.0,435.0,377.0,379.0,348.0,233.0,221.0,189.0,2020-10-11
303,148407,SEAGIRT BOULEVARD,Beach 6th Street,Beach 9th Street,EB,2020-10-11,179.0,178.0,117.0,82.0,64.0,67.0,156.0,231.0,233.0,282.0,295.0,373.0,448.0,481.0,541.0,572.0,566.0,602.0,544.0,548.0,440.0,337.0,292.0,234.0,2020-10-11
304,113134,SEDGWICK AVENUE,West 183rd Street,West Fordham Road,NB,2020-10-11,143.0,91.0,66.0,68.0,42.0,28.0,32.0,54.0,83.0,114.0,202.0,200.0,251.0,314.0,270.0,286.0,254.0,221.0,293.0,194.0,197.0,151.0,131.0,111.0,2020-10-11
304,113134,SEDGWICK AVENUE,West 183rd Street,West Fordham Road,SB,2020-10-11,162.0,133.0,93.0,68.0,68.0,44.0,45.0,70.0,104.0,109.0,152.0,202.0,323.0,302.0,376.0,370.0,443.0,352.0,406.0,422.0,359.0,208.0,186.0,148.0,2020-10-11
305,150579,SOUTH AVENUE,Lois Lane,Fahy Avenue,SB,2020-10-11,73.0,54.0,30.0,23.0,24.0,61.0,182.0,127.0,174.0,244.0,312.0,330.0,345.0,366.0,398.0,333.0,323.0,346.0,267.0,198.0,148.0,114.0,111.0,84.0,2020-10-11
305,150578,SOUTH AVENUE,Lois Lane,Fahy Avenue,NB,2020-10-11,46.0,26.0,19.0,13.0,18.0,33.0,93.0,90.0,110.0,141.0,178.0,186.0,242.0,227.0,254.0,265.0,233.0,276.0,295.0,157.0,92.0,63.0,41.0,56.0,2020-10-11
307,119816,SOUTHERN BOULEVARD,Crotona Park East,East 175th Street,NB,2020-10-11,114.0,89.0,76.0,81.0,70.0,50.0,54.0,69.0,94.0,107.0,131.0,160.0,200.0,198.0,190.0,244.0,207.0,195.0,166.0,181.0,156.0,134.0,127.0,90.0,2020-10-11
307,119816,SOUTHERN BOULEVARD,Crotona Park East,East 175th Street,SB,2020-10-11,164.0,137.0,120.0,105.0,75.0,70.0,67.0,98.0,155.0,158.0,213.0,260.0,250.0,283.0,294.0,345.0,332.0,366.0,307.0,302.0,255.0,186.0,164.0,129.0,2020-10-11
308,107111,SOUTHERN BOULEVARD,East 163rd Street,Aldus Street,NB,2020-10-11,174.0,131.0,100.0,94.0,87.0,92.0,87.0,116.0,148.0,164.0,235.0,299.0,348.0,347.0,338.0,341.0,335.0,344.0,261.0,285.0,246.0,170.0,174.0,140.0,2020-10-11
308,107111,SOUTHERN BOULEVARD,East 163rd Street,Aldus Street,SB,2020-10-11,120.0,127.0,94.0,90.0,63.0,66.0,67.0,110.0,129.0,165.0,241.0,257.0,360.0,402.0,352.0,354.0,341.0,337.0,248.0,201.0,222.0,183.0,135.0,125.0,2020-10-11
309,134461,SOUTHERN BOULEVARD,Bronx Park Road,East Fordham Road,SB,2020-10-11,249.0,192.0,107.0,121.0,89.0,84.0,140.0,212.0,316.0,421.0,532.0,547.0,597.0,660.0,679.0,658.0,715.0,787.0,743.0,749.0,478.0,350.0,278.0,246.0,2020-10-11
309,146666,SOUTHERN BOULEVARD,Bronx Park Road,East Fordham Road,NB,2020-10-11,148.0,130.0,92.0,89.0,66.0,51.0,89.0,123.0,131.0,168.0,222.0,260.0,345.0,382.0,370.0,399.0,379.0,343.0,293.0,325.0,224.0,214.0,195.0,152.0,2020-10-11
316,19163,STILLWELL AVENUE,Avenue W,28th Avenue,NB,2020-10-11,90.0,62.0,59.0,47.0,40.0,45.0,60.0,65.0,130.0,147.0,185.0,218.0,270.0,296.0,274.0,274.0,281.0,255.0,209.0,192.0,142.0,128.0,85.0,82.0,2020-10-11
316,19163,STILLWELL AVENUE,Avenue W,28th Avenue,SB,2020-10-11,72.0,78.0,47.0,32.0,39.0,22.0,59.0,107.0,149.0,174.0,238.0,258.0,273.0,285.0,261.0,257.0,226.0,231.0,206.0,177.0,155.0,116.0,72.0,68.0,2020-10-11
317,77209,TINTON AVENUE,East 150th Street,East 151st Street,SB,2020-10-11,77.0,73.0,68.0,46.0,31.0,33.0,50.0,43.0,64.0,67.0,110.0,129.0,137.0,154.0,142.0,166.0,161.0,166.0,132.0,120.0,141.0,103.0,88.0,71.0,2020-10-11
318,107126,TINTON AVENUE,Home Street,East 168th Street,NB,2020-10-11,51.0,39.0,40.0,22.0,34.0,28.0,17.0,36.0,23.0,39.0,62.0,73.0,88.0,78.0,107.0,126.0,124.0,106.0,116.0,81.0,78.0,89.0,77.0,60.0,2020-10-11
318,107126,TINTON AVENUE,Home Street,East 168th Street,SB,2020-10-11,73.0,55.0,52.0,25.0,40.0,36.0,27.0,48.0,27.0,51.0,63.0,76.0,100.0,99.0,132.0,140.0,111.0,107.0,121.0,101.0,97.0,85.0,86.0,65.0,2020-10-11
319,112206,TODT HILL ROAD,Sussex Avenue,Ocean Terrace,NB,2020-10-11,138.0,79.0,54.0,29.0,19.0,60.0,89.0,179.0,232.0,282.0,422.0,432.0,493.0,452.0,515.0,486.0,449.0,409.0,345.0,340.0,294.0,205.0,162.0,131.0,2020-10-11
319,112206,TODT HILL ROAD,Sussex Avenue,Ocean Terrace,SB,2020-10-11,159.0,79.0,44.0,40.0,30.0,56.0,107.0,137.0,193.0,301.0,332.0,400.0,481.0,515.0,499.0,485.0,446.0,412.0,384.0,375.0,274.0,238.0,195.0,136.0,2020-10-11
327,146375,UNION TURNPIKE,Langdale Street,Hewlett Street,EB,2020-10-11,89.0,54.0,30.0,25.0,17.0,37.0,99.0,170.0,224.0,231.0,282.0,394.0,494.0,471.0,436.0,386.0,324.0,255.0,236.0,185.0,124.0,91.0,66.0,67.0,2020-10-11
327,146374,UNION TURNPIKE,Hewlett Street,Langdale Street,WB,2020-10-11,88.0,58.0,40.0,23.0,18.0,30.0,57.0,137.0,174.0,193.0,197.0,260.0,322.0,304.0,320.0,401.0,357.0,323.0,245.0,209.0,142.0,80.0,45.0,22.0,2020-10-11
328,41144,UTICA AVENUE,Avenue K,Avenue L,NB,2020-10-11,133.0,89.0,61.0,44.0,36.0,54.0,76.0,106.0,147.0,163.0,264.0,253.0,281.0,358.0,378.0,405.0,336.0,363.0,419.0,287.0,209.0,161.0,143.0,115.0,2020-10-11
328,41144,UTICA AVENUE,Avenue K,Avenue L,SB,2020-10-11,155.0,107.0,77.0,90.0,57.0,78.0,107.0,147.0,166.0,227.0,306.0,338.0,395.0,424.0,473.0,438.0,421.0,407.0,341.0,270.0,204.0,185.0,152.0,139.0,2020-10-11
329,42098,UTICA AVENUE,Lenox Road,Linden Boulevard,NB,2020-10-11,393.0,300.0,171.0,133.0,111.0,143.0,201.0,222.0,312.0,364.0,473.0,495.0,502.0,549.0,639.0,630.0,629.0,528.0,526.0,500.0,503.0,460.0,345.0,341.0,2020-10-11
329,42098,UTICA AVENUE,Lenox Road,Linden Boulevard,SB,2020-10-11,337.0,269.0,152.0,159.0,102.0,99.0,175.0,224.0,272.0,349.0,435.0,447.0,476.0,478.0,526.0,416.0,491.0,553.0,468.0,433.0,410.0,374.0,323.0,275.0,2020-10-11
331,114953,VAN DUZER STREET,Court Street,Gordon Street,EB,2020-10-11,109.0,83.0,74.0,48.0,37.0,60.0,56.0,90.0,128.0,187.0,263.0,268.0,300.0,312.0,354.0,322.0,306.0,258.0,262.0,285.0,212.0,171.0,137.0,141.0,2020-10-11
332,31909,VARICK STREET,Charlton Street,Vandam Street,SB,2020-10-11,1041.0,778.0,607.0,400.0,318.0,179.0,291.0,390.0,525.0,640.0,869.0,1058.0,1225.0,1227.0,1264.0,1360.0,1396.0,1349.0,1287.0,1197.0,1107.0,1046.0,820.0,817.0,2020-10-11
334,41663,VETERANS AVENUE,East 71st Street,Avenue U,WB,2020-10-11,17.0,8.0,5.0,1.0,3.0,11.0,5.0,13.0,36.0,49.0,42.0,51.0,43.0,47.0,47.0,46.0,42.0,36.0,48.0,23.0,41.0,26.0,23.0,7.0,2020-10-11
336,4832,VICTORY BOULEVARD,Dinsmore Street,Signs Road,EB,2020-10-11,48.0,38.0,11.0,11.0,12.0,18.0,31.0,61.0,66.0,127.0,177.0,195.0,193.0,224.0,217.0,210.0,189.0,174.0,227.0,148.0,119.0,88.0,57.0,27.0,2020-10-11
336,4832,VICTORY BOULEVARD,Dinsmore Street,Signs Road,WB,2020-10-11,53.0,37.0,17.0,11.0,14.0,13.0,49.0,65.0,99.0,171.0,213.0,244.0,245.0,231.0,217.0,205.0,147.0,151.0,164.0,139.0,86.0,65.0,54.0,39.0,2020-10-11
339,256800,WEBSTER AVENUE,East 233rd Street,Orio J. Palmer Way,NB,2020-10-11,254.0,194.0,124.0,125.0,118.0,80.0,143.0,182.0,244.0,293.0,355.0,399.0,438.0,466.0,548.0,558.0,570.0,504.0,530.0,339.0,348.0,295.0,297.0,256.0,2020-10-11
339,256800,WEBSTER AVENUE,East 233rd Street,Orio J. Palmer Way,SB,2020-10-11,159.0,112.0,78.0,90.0,56.0,62.0,159.0,220.0,220.0,269.0,318.0,347.0,358.0,439.0,429.0,413.0,444.0,434.0,429.0,458.0,356.0,235.0,225.0,218.0,2020-10-11
340,78177,WEBSTER AVENUE,East Mt Eden Avenue,East 173rd Street,NB,2020-10-11,455.0,321.0,263.0,226.0,187.0,188.0,192.0,232.0,315.0,372.0,414.0,489.0,591.0,577.0,610.0,634.0,667.0,669.0,601.0,584.0,539.0,491.0,447.0,370.0,2020-10-11
340,78177,WEBSTER AVENUE,East Mt Eden Avenue,East 173rd Street,SB,2020-10-11,468.0,385.0,292.0,266.0,179.0,141.0,208.0,240.0,287.0,327.0,404.0,476.0,488.0,522.0,549.0,636.0,647.0,621.0,598.0,609.0,534.0,539.0,456.0,374.0,2020-10-11
341,81384,WEBSTER AVENUE,Woodlawn Cemetery Boundary,East Gun Hill Rd,NB,2020-10-11,73.0,61.0,43.0,40.0,34.0,41.0,48.0,50.0,92.0,118.0,137.0,148.0,192.0,216.0,199.0,208.0,238.0,177.0,189.0,154.0,175.0,107.0,95.0,86.0,2020-10-11
341,81384,WEBSTER AVENUE,Woodlawn Cemetery Boundary,East Gun Hill Rd,SB,2020-10-11,104.0,74.0,61.0,55.0,42.0,38.0,81.0,88.0,104.0,159.0,155.0,181.0,192.0,275.0,286.0,272.0,316.0,285.0,262.0,328.0,213.0,132.0,125.0,103.0,2020-10-11
355,262242,WEST BROADWAY,Worth Street,Leonard Street,SB,2020-10-11,385.0,283.0,249.0,189.0,103.0,94.0,150.0,205.0,248.0,383.0,511.0,673.0,817.0,816.0,888.0,956.0,898.0,951.0,1001.0,785.0,634.0,536.0,354.0,237.0,2020-10-11
359,121148,WEST GUN HILL ROAD,West Mosholu Parkway North,Mosholu Parkway,EB,2020-10-11,183.0,128.0,110.0,79.0,54.0,57.0,131.0,193.0,159.0,189.0,187.0,267.0,314.0,356.0,352.0,394.0,329.0,331.0,379.0,362.0,292.0,206.0,187.0,177.0,2020-10-11
359,121148,WEST GUN HILL ROAD,West Mosholu Parkway North,Mosholu Parkway,WB,2020-10-11,168.0,138.0,91.0,80.0,55.0,51.0,134.0,208.0,188.0,200.0,199.0,268.0,321.0,323.0,402.0,453.0,447.0,455.0,452.0,343.0,294.0,189.0,170.0,149.0,2020-10-11
360,95195,WESTCHESTER AVENUE,Bruckner Boulevard,Burr Avenue,SB,2020-10-11,174.0,118.0,117.0,65.0,82.0,110.0,166.0,209.0,256.0,333.0,346.0,383.0,401.0,471.0,454.0,466.0,423.0,447.0,426.0,394.0,332.0,289.0,257.0,174.0,2020-10-11
361,78877,WESTCHESTER AVENUE,East 167th Street,Home Street,EB,2020-10-11,287.0,234.0,201.0,181.0,118.0,96.0,115.0,177.0,246.0,276.0,385.0,487.0,516.0,531.0,552.0,577.0,524.0,562.0,475.0,384.0,405.0,334.0,283.0,230.0,2020-10-11
361,78877,WESTCHESTER AVENUE,East 167th Street,Home Street,WB,2020-10-11,362.0,294.0,245.0,206.0,159.0,152.0,158.0,199.0,248.0,328.0,424.0,453.0,508.0,509.0,573.0,623.0,583.0,564.0,537.0,528.0,502.0,399.0,375.0,287.0,2020-10-11
362,147032,WHITE PLAINS ROAD,East 215th Street,East 216th Street,NB,2020-10-11,134.0,131.0,130.0,123.0,143.0,107.0,90.0,150.0,149.0,167.0,221.0,247.0,285.0,242.0,280.0,298.0,281.0,240.0,227.0,254.0,202.0,162.0,132.0,102.0,2020-10-11
362,132595,WHITE PLAINS ROAD,East 215th Street,East 216th Street,SB,2020-10-11,242.0,226.0,228.0,192.0,226.0,167.0,161.0,186.0,193.0,238.0,307.0,369.0,391.0,341.0,368.0,393.0,362.0,359.0,314.0,315.0,294.0,281.0,269.0,179.0,2020-10-11
364,151663,WOODHAVEN BOULEVARD,97th Avenue,101st Avenue,NB,2020-10-11,336.0,243.0,165.0,111.0,97.0,199.0,297.0,345.0,454.0,618.0,680.0,825.0,896.0,964.0,963.0,915.0,872.0,897.0,827.0,749.0,595.0,511.0,444.0,297.0,2020-10-11
364,156005,WOODHAVEN BOULEVARD,97th Avenue,101st Avenue,SB,2020-10-11,529.0,313.0,196.0,138.0,103.0,109.0,211.0,274.0,430.0,523.0,601.0,789.0,874.0,961.0,939.0,928.0,864.0,813.0,752.0,709.0,627.0,474.0,414.0,367.0,2020-10-11
364,151662,WOODHAVEN BOULEVARD,97th Avenue,101st Avenue,NB,2020-10-11,65.0,53.0,36.0,21.0,17.0,23.0,38.0,52.0,86.0,104.0,127.0,145.0,178.0,198.0,203.0,187.0,174.0,190.0,161.0,147.0,145.0,90.0,91.0,61.0,2020-10-11
364,151664,WOODHAVEN BOULEVARD,97th Avenue,101st Avenue,SB,2020-10-11,94.0,78.0,51.0,30.0,24.0,23.0,40.0,65.0,91.0,111.0,173.0,158.0,201.0,206.0,250.0,236.0,234.0,203.0,190.0,155.0,124.0,113.0,101.0,80.0,2020-10-11
365,134660,WOODHAVEN BOULEVARD,Union Turnpike,79th Avenue,NB,2020-10-11,689.0,430.0,299.0,189.0,143.0,150.0,232.0,392.0,609.0,702.0,804.0,1020.0,1220.0,1350.0,1317.0,1333.0,1346.0,1236.0,1151.0,1199.0,970.0,686.0,621.0,548.0,2020-10-11
365,134660,WOODHAVEN BOULEVARD,Union Turnpike,79th Avenue,NB,2020-10-11,2.0,14.0,0.0,1.0,4.0,2.0,1.0,5.0,10.0,22.0,17.0,24.0,35.0,31.0,31.0,19.0,18.0,21.0,24.0,13.0,18.0,12.0,13.0,3.0,2020-10-11
365,151704,WOODHAVEN BOULEVARD,73rd Avenue,74th Avenue,SB,2020-10-11,248.0,179.0,110.0,79.0,70.0,151.0,283.0,326.0,386.0,551.0,612.0,799.0,838.0,858.0,890.0,819.0,798.0,756.0,633.0,625.0,486.0,409.0,334.0,244.0,2020-10-11
365,151704,WOODHAVEN BOULEVARD,73rd Avenue,74th Avenue,SB,2020-10-11,11.0,21.0,1.0,4.0,6.0,2.0,10.0,21.0,16.0,47.0,33.0,62.0,67.0,83.0,69.0,64.0,51.0,52.0,37.0,48.0,36.0,30.0,30.0,12.0,2020-10-11
369,36517,YORK AVENUE,East 60th Street,East 61st Street,NB,2020-10-11,242.0,119.0,90.0,57.0,51.0,99.0,193.0,281.0,293.0,318.0,369.0,440.0,431.0,429.0,503.0,443.0,468.0,430.0,428.0,400.0,313.0,292.0,258.0,192.0,2020-10-11
369,36517,YORK AVENUE,East 61st Street,East 60th Street,SB,2020-10-11,157.0,94.0,56.0,58.0,41.0,59.0,151.0,215.0,201.0,266.0,302.0,287.0,393.0,491.0,475.0,543.0,593.0,544.0,501.0,592.0,428.0,257.0,190.0,142.0,2020-10-11
